original,original_year,original_url,remake,remake_year,remake_url
12 Angry Men,1957,/wiki/12_Angry_Men_(1957_film),12 Angry Men (1997),1997,
13 Assassins,1963,/wiki/13_Assassins_(1963_film),13 Assassins,2010,/wiki/13_Assassins_(2010_film)
13 Ghosts,1960,/wiki/13_Ghosts,Thirteen Ghosts,2001,/wiki/Thirteen_Ghosts
13 Tzameti,2005,/wiki/13_Tzameti,13,2010,/wiki/13_(2010_film)
3 Idiots,2009,/wiki/3_Idiots,Nanban,2012,/wiki/Nanban_(2012_film)
3 Idiots,2009,/wiki/3_Idiots,3 Idiotas,2017,/wiki/3_Idiotas
3:10 to Yuma,1957,/wiki/3:10_to_Yuma_(1957_film),3:10 to Yuma,2007,/wiki/3:10_to_Yuma_(2007_film)
36 Hours,1965,/wiki/36_Hours_(1965_film),Breaking Point,1989,/wiki/Breaking_Point_(1989_film)
The 39 Steps,1935,/wiki/The_39_Steps_(1935_film),The 39 Steps,1959,/wiki/The_39_Steps_(1959_film)
The 39 Steps,1935,/wiki/The_39_Steps_(1935_film),The 39 Steps,1978,/wiki/The_39_Steps_(1978_film)
The 39 Steps,1935,/wiki/The_39_Steps_(1935_film),The 39 Steps,2008,/wiki/The_39_Steps_(2008_film)
7th Heaven,1927,/wiki/7th_Heaven_(1927_film),Seventh Heaven,1937,/wiki/Seventh_Heaven_(1937_film)
Against All Flags,1952,/wiki/Against_All_Flags,The King's Pirate,1967,/wiki/The_King%27s_Pirate
Aina,1977,/wiki/Aina_(1977_film),Aaina,2013,/wiki/Aina_(2013_film)
Aina,1977,/wiki/Aina_(1977_film),Pyar Jhukta Nahin,1985,/wiki/Pyar_Jhukta_Nahin
Aina,1977,/wiki/Aina_(1977_film),Nee Bareda Kadambari,1985,/wiki/Nee_Bareda_Kadambari
Arth,1982,/wiki/Arth_(film),Arth - The Destination,2017,/wiki/Arth_-_The_Destination
The Absent-Minded Professor,1961,/wiki/The_Absent-Minded_Professor,Flubber,1997,/wiki/Flubber_(film)
Adventures in Babysitting,1987,/wiki/Adventures_in_Babysitting,Adventures in Babysitting,2016,/wiki/Adventures_in_Babysitting_(2016_film)
An Affair to Remember,1957,/wiki/An_Affair_to_Remember,Bheegi Raat,1965,/wiki/Bheegi_Raat
An Affair to Remember,1957,/wiki/An_Affair_to_Remember,Mann,1999,/wiki/Mann_(film)
Agneepath,1990,/wiki/Agneepath_(1990_film),Agneepath,2012,
Aladdin,1992,/wiki/Aladdin_(1992_Disney_film),Aladdin,2019,/wiki/Aladdin_(2019_film)
Alfie,1966,/wiki/Alfie_(1966_film),Alfie,2004,/wiki/Alfie_(2004_film)
Aloma of the South Seas,1926,/wiki/Aloma_of_the_South_Seas_(1926_film),Aloma of the South Seas,1941,/wiki/Aloma_of_the_South_Seas_(1941_film)
The Amityville Horror,1979,/wiki/The_Amityville_Horror_(1979_film),The Amityville Horror,2005,/wiki/The_Amityville_Horror_(2005_film)
Anastasia,1956,/wiki/Anastasia_(1956_film),Anastasia,1997,/wiki/Anastasia_(1997_film)
And Soon the Darkness,1970,/wiki/And_Soon_the_Darkness_(1970_film),And Soon the Darkness,2010,/wiki/And_Soon_the_Darkness_(2010_film)
Angel and the Badman,1947,/wiki/Angel_and_the_Badman,Angel and the Badman,2009,/wiki/Angel_and_the_Badman#Remake
Angels in the Outfield,1951,/wiki/Angels_in_the_Outfield_(1951_film),Angels in the Outfield,1994,/wiki/Angels_in_the_Outfield_(1994_film)
Annie,1982,/wiki/Annie_(1982_film),Annie,1999,/wiki/Annie_(1999_film)
Annie,1982,/wiki/Annie_(1982_film),Annie,2014,/wiki/Annie_(2014_film)
Anthony Zimmer,2005,/wiki/Anthony_Zimmer,The Tourist,2010,/wiki/The_Tourist_(2010_film)
Antropophagus,1980,/wiki/Antropophagus,Anthropophagous 2000,1999,/wiki/Anthropophagous_2000
Anything for Her,2008,/wiki/Anything_for_Her,The Next Three Days,2010,/wiki/The_Next_Three_Days
The Apartment,1996,/wiki/The_Apartment_(1996_film),Wicker Park,2004,/wiki/Wicker_Park_(film)
April Fool's Day,1986,/wiki/April_Fool%27s_Day_(1986_film),April Fool's Day,2008,/wiki/April_Fool%27s_Day_(2008_film)
The Arena,1974,/wiki/The_Arena_(1974_film),The Arena,2001,/wiki/The_Arena_(2001_film)
Around the World in 80 Days,1956,/wiki/Around_the_World_in_80_Days_(1956_film),Around the World in 80 Days,2004,/wiki/Around_the_World_in_80_Days_(2004_film)
Arjun Reddy,2017,/wiki/Arjun_Reddy,Kabir Singh,2019,
Arjun Reddy,2017,/wiki/Arjun_Reddy,Adithya Varma,2019,
Arjun Reddy,2017,/wiki/Arjun_Reddy,Varmaa,2020,/wiki/Varmaa
Arthur,1981,/wiki/Arthur_(1981_film),Arthur,2011,/wiki/Arthur_(2011_film)
Assault on Precinct 13,1976,/wiki/Assault_on_Precinct_13_(1976_film),Assault on Precinct 13,2005,/wiki/Assault_on_Precinct_13_(2005_film)
Attack of the 50 Foot Woman,1958,/wiki/Attack_of_the_50_Foot_Woman,Attack of the 50 Ft. Woman,1993,/wiki/Attack_of_the_50_Ft._Woman_(1993_film)
Autograph,2004,/wiki/Autograph_(2004_film),Naa Autograph,2004,/wiki/Naa_Autograph
The Awful Truth,1925,/wiki/The_Awful_Truth_(1925_film),The Awful Truth,1929,/wiki/The_Awful_Truth_(1929_film)
The Awful Truth,1925,/wiki/The_Awful_Truth_(1925_film),The Awful Truth,1937,/wiki/The_Awful_Truth
Baby Mine,1917,/wiki/Baby_Mine_(1917_film),Baby Mine,1928,/wiki/Baby_Mine_(1928_film)
Back Street,1932,/wiki/Back_Street_(1932_film),Back Street,1941,/wiki/Back_Street_(1941_film)
The Bad News Bears,1976,/wiki/The_Bad_News_Bears,Bad News Bears,2005,/wiki/Bad_News_Bears
The Bad Seed,1956,/wiki/The_Bad_Seed_(1956_film),The Bad Seed,1985,/wiki/The_Bad_Seed_(1985_film)
The Bad Seed,1956,/wiki/The_Bad_Seed_(1956_film),The Bad Seed,2018,/wiki/The_Bad_Seed_(2018_film)
Ball of Fire,1941,/wiki/Ball_of_Fire,A Song Is Born,1948,/wiki/A_Song_Is_Born
Bangkok Dangerous,1999,/wiki/Bangkok_Dangerous_(1999_film),Bangkok Dangerous,2008,/wiki/Bangkok_Dangerous_(2008_film)
The Barefoot Executive,1971,/wiki/The_Barefoot_Executive,The Barefoot Executive,1995,/wiki/The_Barefoot_Executive#Remake
The Barker,1928,/wiki/The_Barker,Diamond Horseshoe,1945,/wiki/Diamond_Horseshoe
The Barretts of Wimpole Street,1934,/wiki/The_Barretts_of_Wimpole_Street_(1934_film),The Barretts of Wimpole Street,1957,/wiki/The_Barretts_of_Wimpole_Street_(1957_film)
The Bat,1926,/wiki/The_Bat_(1926_film),The Bat Whispers,1930,/wiki/The_Bat_Whispers
The Battle of the Sexes,1914,/wiki/The_Battle_of_the_Sexes_(1914_film),The Battle of the Sexes,1928,/wiki/The_Battle_of_the_Sexes_(1928_film)
Beauty and the Beast,1991,/wiki/Beauty_and_the_Beast_(1991_film),Beauty and the Beast,2017,/wiki/Beauty_and_the_Beast_(2017_film)
Bedazzled,1967,/wiki/Bedazzled_(1967_film),Bedazzled,2000,/wiki/Bedazzled_(2000_film)
Bedtime Story,1964,/wiki/Bedtime_Story_(1964_film),Dirty Rotten Scoundrels,1988,/wiki/Dirty_Rotten_Scoundrels_(film)
Bedtime Story,1964,/wiki/Bedtime_Story_(1964_film),The Hustle,2019,/wiki/The_Hustle_(2019_film)
Behold My Wife!,1920,/wiki/Behold_My_Wife!_(1920_film),Behold My Wife!,1934,/wiki/Behold_My_Wife!_(1934_film)
Ben-Hur: A Tale of the Christ,1925,/wiki/Ben-Hur:_A_Tale_of_the_Christ_(1925_film),Ben-Hur,1959,/wiki/Ben-Hur_(1959_film)
Ben-Hur: A Tale of the Christ,1925,/wiki/Ben-Hur:_A_Tale_of_the_Christ_(1925_film),Ben Hur,2003,/wiki/Ben_Hur_(2003_film)
Ben-Hur: A Tale of the Christ,1925,/wiki/Ben-Hur:_A_Tale_of_the_Christ_(1925_film),Ben-Hur,2016,/wiki/Ben-Hur_(2016_film)
Beyond a Reasonable Doubt,1956,/wiki/Beyond_a_Reasonable_Doubt_(1956_film),Beyond a Reasonable Doubt,2009,/wiki/Beyond_a_Reasonable_Doubt_(2009_film)
The Big Clock,1948,/wiki/The_Big_Clock_(1948_film),No Way Out,1987,/wiki/No_Way_Out_(1987_film)
Big Deal on Madonna Street,1958,/wiki/Big_Deal_on_Madonna_Street,Crackers,1984,/wiki/Crackers_(1984_film)
Big Deal on Madonna Street,1958,/wiki/Big_Deal_on_Madonna_Street,Welcome to Collinwood,2002,/wiki/Welcome_to_Collinwood
Billa,2007,/wiki/Billa_(2007_film),Billa,2009,/wiki/Billa_(2009_film)
The Bishop's Wife,1947,/wiki/The_Bishop%27s_Wife,The Preacher's Wife,1996,/wiki/The_Preacher%27s_Wife
Black Christmas,1974,/wiki/Black_Christmas_(1974_film),Black Christmas,2006,/wiki/Black_Christmas_(2006_film)
Black Christmas,1974,/wiki/Black_Christmas_(1974_film),Black Christmas,2019,/wiki/Black_Christmas_(2019_film)
Blazing Saddles,1974,/wiki/Blazing_Saddles,Paws of Fury: The Legend of Hank,2022,/wiki/Paws_of_Fury:_The_Legend_of_Hank
Blind,2011,/wiki/Blind_(2011_film),The Witness,2015,/wiki/The_Witness_(2015_Chinese_film)
The Blob,1958,/wiki/The_Blob,The Blob,1988,/wiki/The_Blob_(1988_film)
The Blue Angel,1930,/wiki/The_Blue_Angel,The Blue Angel,1959,/wiki/The_Blue_Angel_(1959_film)
La bonne année,1973,/wiki/La_bonne_ann%C3%A9e,Happy New Year,1987,/wiki/Happy_New_Year_(1987_film)
Born Yesterday,1950,/wiki/Born_Yesterday_(1950_film),Born Yesterday,1993,/wiki/Born_Yesterday_(1993_film)
Boudu Saved from Drowning,1932,/wiki/Boudu_Saved_from_Drowning,Down and Out in Beverly Hills,1986,/wiki/Down_and_Out_in_Beverly_Hills
Boudu Saved from Drowning,1932,/wiki/Boudu_Saved_from_Drowning,Boudu,2005,/wiki/Boudu
Breathless,1960,/wiki/Breathless_(1960_film),Breathless,1983,/wiki/Breathless_(1983_film)
Brewster's Millions,1914,/wiki/Brewster%27s_Millions_(1914_film),Brewster's Millions,1921,/wiki/Brewster%27s_Millions_(1921_film)
Brewster's Millions,1914,/wiki/Brewster%27s_Millions_(1914_film),Miss Brewster's Millions,1926,/wiki/Miss_Brewster%27s_Millions
Brewster's Millions,1914,/wiki/Brewster%27s_Millions_(1914_film),Brewster's Millions,1935,/wiki/Brewster%27s_Millions_(1935_film)
Brewster's Millions,1914,/wiki/Brewster%27s_Millions_(1914_film),Brewster's Millions,1945,/wiki/Brewster%27s_Millions_(1945_film)
Brewster's Millions,1914,/wiki/Brewster%27s_Millions_(1914_film),Vaddante Dabbu,1954,/wiki/Vaddante_Dabbu
Brewster's Millions,1914,/wiki/Brewster%27s_Millions_(1914_film),Three on a Spree,1961,/wiki/Three_on_a_Spree
Brewster's Millions,1914,/wiki/Brewster%27s_Millions_(1914_film),Babai Abbai,1985,/wiki/Babai_Abbai
Brewster's Millions,1914,/wiki/Brewster%27s_Millions_(1914_film),Brewster's Millions,1985,/wiki/Brewster%27s_Millions_(1985_film)
Brewster's Millions,1914,/wiki/Brewster%27s_Millions_(1914_film),Maalamaal,1988,/wiki/Maalamaal
Brewster's Millions,1914,/wiki/Brewster%27s_Millions_(1914_film),Arunachalam,1997,/wiki/Arunachalam_(film)
Brewster's Millions,1914,/wiki/Brewster%27s_Millions_(1914_film),To Ryca!,2016,
Brewster's Millions,1914,/wiki/Brewster%27s_Millions_(1914_film),Hello Mr. Billionaire,2018,/wiki/Hello_Mr._Billionaire
Brian's Song,1971,/wiki/Brian%27s_Song,Brian's Song,2001,/wiki/Brian%27s_Song_(2001_film)
Bride Wars,2009,/wiki/Bride_Wars,Bride Wars,2015,/wiki/Bride_Wars_(2015_film)
Brighton Rock,1948,/wiki/Brighton_Rock_(1948_film),Brighton Rock,2010,/wiki/Brighton_Rock_(2010_film)
Broadway Bill,1934,/wiki/Broadway_Bill,Riding High,1950,/wiki/Riding_High_(1950_film)
Brother Rat,1938,/wiki/Brother_Rat,About Face,1952,/wiki/About_Face_(1952_film)
Brødre,2004,/wiki/Brothers_(2004_film),Brothers,2009,/wiki/Brothers_(2009_film)
The Buccaneer,1938,/wiki/The_Buccaneer_(1938_film),The Buccaneer,1958,/wiki/The_Buccaneer_(1958_film)
A Bucket of Blood,1959,/wiki/A_Bucket_of_Blood,A Bucket of Blood,1995,/wiki/A_Bucket_of_Blood_(1995_film)
The Burmese Harp,1956,/wiki/The_Burmese_Harp_(1956_film),The Burmese Harp,1985,/wiki/The_Burmese_Harp_(1985_film)
Cabin Fever,2002,/wiki/Cabin_Fever_(2002_film),Cabin Fever,2016,/wiki/Cabin_Fever_(2016_film)
The Cabinet of Dr. Caligari,1920,/wiki/The_Cabinet_of_Dr._Caligari,The Cabinet of Dr. Caligari,2005,/wiki/The_Cabinet_of_Dr._Caligari_(2005_film)
La Cage aux Folles,1978,/wiki/La_Cage_aux_Folles_(film),The Birdcage,1996,/wiki/The_Birdcage
Can’t Buy Me Love,1987,/wiki/Can%27t_Buy_Me_Love_(film),Love Don't Cost a Thing,2003,/wiki/Love_Don%27t_Cost_a_Thing_(film)
Cape Fear,1962,/wiki/Cape_Fear_(1962_film),Cape Fear,1991,/wiki/Cape_Fear_(1991_film)
The Captain's Table,1959,/wiki/The_Captain%27s_Table,The Captain,1971,/wiki/The_Captain_(1971_film)
Carnival of Souls,1962,/wiki/Carnival_of_Souls,Carnival of Souls,1998,/wiki/Carnival_of_Souls_(1998_film)
The Cat and the Canary,1927,/wiki/The_Cat_and_the_Canary_(1927_film),The Cat Creeps,1930,/wiki/The_Cat_Creeps_(1930_film)
The Cat and the Canary,1927,/wiki/The_Cat_and_the_Canary_(1927_film),The Cat and the Canary,1939,/wiki/The_Cat_and_the_Canary_(1939_film)
The Cat and the Canary,1927,/wiki/The_Cat_and_the_Canary_(1927_film),The Cat and the Canary,1979,/wiki/The_Cat_and_the_Canary_(1979_film)
Cat People,1942,/wiki/Cat_People_(1942_film),Cat People,1982,/wiki/Cat_People_(1982_film)
Cat-Women of the Moon,1953,/wiki/Cat-Women_of_the_Moon,Missile to the Moon,1958,/wiki/Missile_to_the_Moon
Cats,1998,/wiki/Cats_(1998_film),Cats,2019,/wiki/Cats_(2019_film)
The Champ,1931,/wiki/The_Champ_(1931_film),The Clown,1953,/wiki/The_Clown_(1953_film)
The Champ,1931,/wiki/The_Champ_(1931_film),The Champ,1979,/wiki/The_Champ_(1979_film)
Charade,1963,/wiki/Charade_(1963_film),The Truth About Charlie,2002,/wiki/The_Truth_About_Charlie
Charlotte's Web,1973,/wiki/Charlotte%27s_Web_(1973_film),Charlotte's Web,2006,/wiki/Charlotte%27s_Web_(2006_film)
Cheaper by the Dozen,1950,/wiki/Cheaper_by_the_Dozen_(1950_film),Cheaper by the Dozen,2003,/wiki/Cheaper_by_the_Dozen_(2003_film)
Cheaper by the Dozen,1950,/wiki/Cheaper_by_the_Dozen_(1950_film),Cheaper by the Dozen,2022,/wiki/Cheaper_by_the_Dozen_(2022_film)
Chef,2014,/wiki/Chef_(2014_film),Chef,2017,
Chicken Little,1943,/wiki/Chicken_Little_(1943_film),Chicken Little,2005,/wiki/Chicken_Little_(2005_film)
Child's Play,1988,/wiki/Child%27s_Play_(1988_film),Child's Play,2019,/wiki/Child%27s_Play_(2019_film)
Chinthamani Kolacase,2006,/wiki/Chinthamani_Kolacase,Ellam Avan Seyal,2008,/wiki/Ellam_Avan_Seyal
Chinthamani Kolacase,2006,/wiki/Chinthamani_Kolacase,Sri Mahalakshmi,2007,/wiki/Sri_Mahalakshmi
Christmas Eve,1947,/wiki/Christmas_Eve_(1947_film),Christmas Eve,1986,/wiki/Christmas_Eve_(1947_film)#1986_remake
Christmas in Connecticut,1945,/wiki/Christmas_in_Connecticut,Christmas in Connecticut,1992,/wiki/Christmas_in_Connecticut_(1992_film)
Cinderella,1950,/wiki/Cinderella_(1950_film),Cinderella,2015,/wiki/Cinderella_(2015_Disney_film)
Clash of the Titans,1981,/wiki/Clash_of_the_Titans_(1981_film),Clash of the Titans,2010,/wiki/Clash_of_the_Titans_(2010_film)
Classmates,2006,/wiki/Classmates_(2006_film),Classmates,2007,/wiki/Classmates_(2007_film)
Clearing the Range,1931,/wiki/Clearing_the_Range,The Dude Bandit,1933,/wiki/The_Dude_Bandit
Les Compères,1983,/wiki/Les_Comp%C3%A8res,Fathers' Day,1997,/wiki/Fathers%27_Day_(1997_film)
The Computer Wore Tennis Shoes,1969,/wiki/The_Computer_Wore_Tennis_Shoes,The Computer Wore Tennis Shoes,1995,/wiki/The_Computer_Wore_Tennis_Shoes_(1995_film)
Confession of Murder aka Naega salinbeomida,2012,/wiki/Confession_of_Murder_(2012_film),Memoirs of a Murderer aka 22-nenme no kokuhaku: Watashi ga satsujinhan desu,2017,/wiki/Memoirs_of_a_Murderer_(2017_film)
Le Convoyeur,2004,/wiki/Le_Convoyeur,Wrath of Man,2021,/wiki/Wrath_of_Man
Le Corbeau,1943,/wiki/Le_Corbeau,The 13th Letter,1951,/wiki/The_13th_Letter
Cousin Cousine,1975,/wiki/Cousin_Cousine,Cousins,1989,/wiki/Cousins_(1989_film)
The Crazies,1973,/wiki/The_Crazies_(1973_film),The Crazies,2010,/wiki/The_Crazies_(2010_film)
Criss Cross,1949,/wiki/Criss_Cross_(film),The Underneath,1995,/wiki/The_Underneath_(film)
Dehleez,1983,,Oonche Log,1985,/wiki/Oonche_Log_(1985_film)
D.O.A.,1950,/wiki/D.O.A._(1950_film),D.O.A.,1988,/wiki/D.O.A._(1988_film)
Dark Victory,1939,/wiki/Dark_Victory,Stolen Hours,1963,/wiki/Stolen_Hours
Dark Water,2002,/wiki/Dark_Water_(2002_film),Dark Water,2005,/wiki/Dark_Water_(2005_film)
Dawn of the Dead,1978,/wiki/Dawn_of_the_Dead_(1978_film),Dawn of the Dead,2004,/wiki/Dawn_of_the_Dead_(2004_film)
The Dawn Patrol,1930,/wiki/The_Dawn_Patrol_(1930_film),The Dawn Patrol,1938,/wiki/The_Dawn_Patrol_(1938_film)
Day of the Dead,1985,/wiki/Day_of_the_Dead_(1985_film),Day of the Dead,2008,/wiki/Day_of_the_Dead_(2008_film)
Day of the Dead,1985,/wiki/Day_of_the_Dead_(1985_film),Day of the Dead: Bloodline,2017,/wiki/Day_of_the_Dead:_Bloodline
The Day of the Jackal,1973,/wiki/The_Day_of_the_Jackal_(film),The Jackal,1997,/wiki/The_Jackal_(1997_film)
The Day the Earth Stood Still,1951,/wiki/The_Day_the_Earth_Stood_Still,The Day the Earth Stood Still,2008,/wiki/The_Day_the_Earth_Stood_Still_(2008_film)
Death at a Funeral,2007,/wiki/Death_at_a_Funeral_(2007_film),Death at a Funeral,2010,/wiki/Death_at_a_Funeral_(2010_film)
Death Game,1977,/wiki/Death_Game,Knock Knock,2015,/wiki/Knock_Knock_(2015_film)
The Death Kiss,1932,/wiki/The_Death_Kiss,That's Not the Way to Die,1946,/wiki/That%27s_Not_the_Way_to_Die
Death Race 2000,1975,/wiki/Death_Race_2000,Death Race,2008,/wiki/Death_Race_(2008_film)
Death Takes a Holiday,1934,/wiki/Death_Takes_a_Holiday,Death Takes a Holiday,1971,/wiki/Death_Takes_a_Holiday_(1971_film)
Death Takes a Holiday,1934,/wiki/Death_Takes_a_Holiday,Meet Joe Black,1998,/wiki/Meet_Joe_Black
Death Wish,1974,/wiki/Death_Wish_(1974_film),Death Wish,2018,/wiki/Death_Wish_(2018_film)
The Debt,2007,/wiki/The_Debt_(2007_film),The Debt,2010,/wiki/The_Debt_(2010_film)
The Defiant Ones,1958,/wiki/The_Defiant_Ones,The Defiant Ones,1986,/wiki/The_Defiant_Ones_(1986_film)
The Desperado,1954,/wiki/The_Desperado,"Cole Younger, Gunfighter",1958,"/wiki/Cole_Younger,_Gunfighter"
The Desperate Hours,1955,/wiki/The_Desperate_Hours_(1955_film),Desperate Hours,1990,/wiki/Desperate_Hours
Destry Rides Again,1939,/wiki/Destry_Rides_Again,Frenchie,1950,/wiki/Frenchie_(film)
Destry Rides Again,1939,/wiki/Destry_Rides_Again,Destry,1954,/wiki/Destry_(film)
Le Deuxième Souffle,1966,/wiki/Le_deuxi%C3%A8me_souffle_(1966_film),The Second Wind,2007,/wiki/The_Second_Wind
Les Diaboliques,1955,/wiki/Les_Diaboliques_(film),Diabolique,1996,/wiki/Diabolique_(1996_film)
Dial M for Murder,1954,/wiki/Dial_M_for_Murder,Dial M for Murder,1967,/wiki/Dial_M_for_Murder#Similar_films_and_remakes
Dial M for Murder,1954,/wiki/Dial_M_for_Murder,Dial M for Murder,1981,/wiki/Dial_M_for_Murder#Similar_films_and_remakes
Dial M for Murder,1954,/wiki/Dial_M_for_Murder,A Perfect Murder,1998,/wiki/A_Perfect_Murder
District 13,2004,/wiki/District_13,Brick Mansions,2014,/wiki/Brick_Mansions
Diversion,1980,/wiki/Diversion_(1980_film),Fatal Attraction,1987,/wiki/Fatal_Attraction
Don,1978,/wiki/Don_(1978_film),Yugandhar,1979,/wiki/Yugandhar
Don,1978,/wiki/Don_(1978_film),Billa,1980,/wiki/Billa_(1980_film)
Don,1978,/wiki/Don_(1978_film),Shobhraj,1986,/wiki/Shobhraj
Don,1978,/wiki/Don_(1978_film),Don,2006,/wiki/Don_(2006_Hindi_film)
Don,1978,/wiki/Don_(1978_film),Billa,2007,/wiki/Billa_(2007_film)
Dona Flor and Her Two Husbands,1976,/wiki/Dona_Flor_and_Her_Two_Husbands,Kiss Me Goodbye,1982,/wiki/Kiss_Me_Goodbye_(film)
Don't Look Up,1996,/wiki/Don%27t_Look_Up_(1996_film),Ghost Theater,2015,/wiki/Ghost_Theater
Doraemon: Nobita and the Birth of Japan,1989,/wiki/Doraemon:_Nobita_and_the_Birth_of_Japan,Doraemon: Nobita and the Birth of Japan 2016,2016,/wiki/Doraemon:_Nobita_and_the_Birth_of_Japan_2016
Doraemon: Nobita and the Haunts of Evil,1982,/wiki/Doraemon:_Nobita_and_the_Haunts_of_Evil,Doraemon: New Nobita's Great Demon—Peko and the Exploration Party of Five,2014,/wiki/Doraemon:_New_Nobita%27s_Great_Demon%E2%80%94Peko_and_the_Exploration_Party_of_Five
Doraemon: Nobita and the Steel Troops,1986,/wiki/Doraemon:_Nobita_and_the_Steel_Troops,Doraemon: Nobita and the New Steel Troops—Winged Angels,2011,/wiki/Doraemon:_Nobita_and_the_New_Steel_Troops%E2%80%94Winged_Angels
Doraemon: Nobita's Dinosaur,1980,/wiki/Doraemon:_Nobita%27s_Dinosaur,Doraemon: Nobita's Dinosaur 2006,2006,/wiki/Doraemon:_Nobita%27s_Dinosaur_2006
Doraemon: Nobita's Great Adventure into the Underworld,1984,/wiki/Doraemon:_Nobita%27s_Great_Adventure_into_the_Underworld,Doraemon: Nobita's New Great Adventure into the Underworld,2007,/wiki/Doraemon:_Nobita%27s_New_Great_Adventure_into_the_Underworld
Doraemon: Nobita's Little Star Wars,1985,/wiki/Doraemon:_Nobita%27s_Little_Star_Wars,Doraemon: Nobita's Little Star Wars 2021,2022,/wiki/Doraemon:_Nobita%27s_Little_Star_Wars_2021
"Doraemon: The Records of Nobita, Spaceblazer",1981,"/wiki/Doraemon:_The_Records_of_Nobita,_Spaceblazer",Doraemon: The Record of Nobita's Spaceblazer,2009,/wiki/Doraemon:_The_Record_of_Nobita%27s_Spaceblazer
Double Indemnity,1944,/wiki/Double_Indemnity,Double Indemnity,1973,/wiki/Double_Indemnity_(1973_film)
Dr. Jekyll and Mr. Hyde,1931,/wiki/Dr._Jekyll_and_Mr._Hyde_(1931_film),Dr. Jekyll and Mr. Hyde,1941,/wiki/Dr._Jekyll_and_Mr._Hyde_(1941_film)
Dr. Mabuse the Gambler,1922,/wiki/Dr._Mabuse_the_Gambler,Dr. M,1990,/wiki/Dr._M_(film)
Dumbo,1941,/wiki/Dumbo,Dumbo,2019,/wiki/Dumbo_(2019_film)
Dune,1984,/wiki/Dune_(1984_film),Dune,2021,/wiki/Dune_(2021_film)
Dune,1984,/wiki/Dune_(1984_film),Dune: Part Two,2024,/wiki/Dune:_Part_Two
Eat Drink Man Woman,1994,/wiki/Eat_Drink_Man_Woman,Tortilla Soup,2001,/wiki/Tortilla_Soup
L'emmerdeur,1973,/wiki/L%27emmerdeur,Buddy Buddy,1981,/wiki/Buddy_Buddy
Elf,2003,/wiki/Elf_(film),Elf: Buddy's Musical Christmas,2014,/wiki/Elf:_Buddy%27s_Musical_Christmas
Escape to Witch Mountain,1975,/wiki/Escape_to_Witch_Mountain_(1975_film),Escape to Witch Mountain,1995,/wiki/Escape_to_Witch_Mountain_(1995_film)
The Evil Dead,1981,/wiki/The_Evil_Dead,Evil Dead,2013,/wiki/Evil_Dead_(2013_film)
Das Experiment,2001,/wiki/Das_Experiment,The Experiment,2010,/wiki/The_Experiment_(2010_film)
The Eye,2002,/wiki/The_Eye_(2002_film),Naina,2005,/wiki/Naina_(2005_film)
The Eye,2002,/wiki/The_Eye_(2002_film),The Eye,2008,/wiki/The_Eye_(2008_film)
Fame,1980,/wiki/Fame_(1980_film),Fame,2009,/wiki/Fame_(2009_film)
The Farmer Takes a Wife,1935,/wiki/The_Farmer_Takes_a_Wife_(1935_film),The Farmer Takes a Wife,1953,/wiki/The_Farmer_Takes_a_Wife_(1953_film)
Father of the Bride,1950,/wiki/Father_of_the_Bride_(1950_film),Father of the Bride,1991,/wiki/Father_of_the_Bride_(1991_film)
Father of the Bride,1950,/wiki/Father_of_the_Bride_(1950_film),Father of the Bride,2022,/wiki/Father_of_the_Bride_(2022_film)
Father's Little Dividend,1951,/wiki/Father%27s_Little_Dividend,Father of the Bride Part II,1995,/wiki/Father_of_the_Bride_Part_II
La Femme Nikita,1990,/wiki/La_Femme_Nikita_(film),Black Cat,1991,/wiki/Black_Cat_(1991_film)
La Femme Nikita,1990,/wiki/La_Femme_Nikita_(film),Point of No Return,1993,/wiki/Point_of_No_Return_(1993_film)
Ferdinand the Bull,1938,/wiki/Ferdinand_the_Bull_(film),Ferdinand,2017,/wiki/Ferdinand_(film)
Fingers,1978,/wiki/Fingers_(1978_film),The Beat That My Heart Skipped,2005,/wiki/The_Beat_That_My_Heart_Skipped
The Firm,1989,/wiki/The_Firm_(1989_film),The Firm,2009,/wiki/The_Firm_(2009_film)
Five Came Back,1939,/wiki/Five_Came_Back,Los que volvieron,1948,/wiki/Los_que_volvieron
Five Came Back,1939,/wiki/Five_Came_Back,Back from Eternity,1956,/wiki/Back_from_Eternity
Flatliners,1990,/wiki/Flatliners,Flatliners,2017,/wiki/Flatliners_(2017_film)
The Flight of the Phoenix,1965,/wiki/The_Flight_of_the_Phoenix_(1965_film),Flight of the Phoenix,2004,/wiki/Flight_of_the_Phoenix_(2004_film)
Flipper,1963,/wiki/Flipper_(1963_film),Flipper,1996,/wiki/Flipper_(1996_film)
The Fly,1958,/wiki/The_Fly_(1958_film),The Fly,1986,/wiki/The_Fly_(1986_film)
The Fog,1980,/wiki/The_Fog,The Fog,2005,/wiki/The_Fog_(2005_film)
Folies Bergère de Paris,1935,/wiki/Folies_Berg%C3%A8re_de_Paris_(1935_film),That Night in Rio,1941,/wiki/That_Night_in_Rio
Folies Bergère de Paris,1935,/wiki/Folies_Berg%C3%A8re_de_Paris_(1935_film),On the Riviera,1951,/wiki/On_the_Riviera
Footloose,1984,/wiki/Footloose_(1984_film),Footloose,2011,/wiki/Footloose_(2011_film)
Forrest Gump,1994,/wiki/Forrest_Gump,Laal Singh Chaddha,2022,/wiki/Laal_Singh_Chaddha
Four Steps in the Clouds,1942,/wiki/Four_Steps_in_the_Clouds,The Virtuous Bigamist,1956,/wiki/The_Virtuous_Bigamist
Four Steps in the Clouds,1942,/wiki/Four_Steps_in_the_Clouds,A Walk in the Clouds,1995,/wiki/A_Walk_in_the_Clouds
Frankenweenie,1984,/wiki/Frankenweenie_(1984_film),Frankenweenie,2012,/wiki/Frankenweenie_(2012_film)
Freaky Friday,1976,/wiki/Freaky_Friday_(1976_film),Freaky Friday,1995,/wiki/Freaky_Friday_(1995_film)
Freaky Friday,1976,/wiki/Freaky_Friday_(1976_film),Freaky Friday,2003,/wiki/Freaky_Friday_(2003_film)
Freaky Friday,1976,/wiki/Freaky_Friday_(1976_film),Freaky Friday,2018,/wiki/Freaky_Friday_(2018_film)
Free and Easy,1930,/wiki/Free_and_Easy_(1930_film),Pick a Star,1937,/wiki/Pick_a_Star
Free and Easy,1930,/wiki/Free_and_Easy_(1930_film),Abbott and Costello in Hollywood,1945,/wiki/Abbott_and_Costello_in_Hollywood
Fright Night,1985,/wiki/Fright_Night,Fright Night,2011,/wiki/Fright_Night_(2011_film)
The Front Page,1931,/wiki/The_Front_Page_(1931_film),His Girl Friday,1940,/wiki/His_Girl_Friday
The Front Page,1931,/wiki/The_Front_Page_(1931_film),The Front Page,1974,/wiki/The_Front_Page_(1974_film)
The Front Page,1931,/wiki/The_Front_Page_(1931_film),Switching Channels,1988,/wiki/Switching_Channels
Les Fugitifs,1986,/wiki/Les_Fugitifs,Three Fugitives,1989,/wiki/Three_Fugitives
Fun with Dick and Jane,1977,/wiki/Fun_with_Dick_and_Jane_(1977_film),Fun with Dick and Jane,2005,/wiki/Fun_with_Dick_and_Jane_(2005_film)
Funny Games,1997,/wiki/Funny_Games_(1997_film),Funny Games,2007,/wiki/Funny_Games_(2007_film)
Gambit,1966,/wiki/Gambit_(1966_film),Gambit,2012,/wiki/Gambit_(2012_film)
The Gambler,1974,/wiki/The_Gambler_(1974_film),The Gambler,2014,/wiki/The_Gambler_(2014_film)
Garde à Vue,1981,/wiki/Garde_%C3%A0_Vue,Under Suspicion,2000,/wiki/Under_Suspicion_(2000_film)
Gaslight,1940,/wiki/Gaslight_(1940_film),Gaslight,1944,/wiki/Gaslight_(1944_film)
The General,1926,/wiki/The_General_(1926_film),A Southern Yankee,1948,/wiki/A_Southern_Yankee
Get Carter,1971,/wiki/Get_Carter,Get Carter,2000,/wiki/Get_Carter_(2000_film)
Ghajini,2005,/wiki/Ghajini_(2005_film),Ghajini,2008,
Gloria,1980,/wiki/Gloria_(1980_film),Gloria,1999,/wiki/Gloria_(1999_American_film)
The Godfather,1972,/wiki/The_Godfather_(film_series),Godfather,2007,/wiki/Godfather_(2007_film)
Going in Style,1979,/wiki/Going_in_Style,Going in Style,2017,/wiki/Going_in_Style_(2017_film)
The Golden Chance,1915,/wiki/The_Golden_Chance,Forbidden Fruit,1921,/wiki/Forbidden_Fruit_(1921_film)
Gone in 60 Seconds,1974,/wiki/Gone_in_60_Seconds_(1974_film),Gone in 60 Seconds,2000,/wiki/Gone_in_60_Seconds_(2000_film)
The Good Companions,1933,/wiki/The_Good_Companions_(1933_film),The Good Companions,1957,/wiki/The_Good_Companions_(1957_film)
The Goodbye Girl,1977,/wiki/The_Goodbye_Girl,The Goodbye Girl,2004,/wiki/The_Goodbye_Girl_(2004_film)
The Grand Highway,1987,/wiki/The_Grand_Highway,Paradise,1991,/wiki/Paradise_(1991_film)
The Great Train Robbery,1941,/wiki/The_Great_Train_Robbery_(1941_film),The Last Bandit,1949,/wiki/The_Last_Bandit
The Great Train Robbery,1941,/wiki/The_Great_Train_Robbery_(1941_film),South Pacific Trail,1952,/wiki/South_Pacific_Trail
Griffin and Phoenix,1976,/wiki/Griffin_and_Phoenix_(1976_film),Griffin & Phoenix,2006,/wiki/Griffin_%26_Phoenix_(2006_film)
Guess Who's Coming to Dinner,1967,/wiki/Guess_Who%27s_Coming_to_Dinner,Guess Who,2005,/wiki/Guess_Who_(film)
The Guilty,2018,/wiki/The_Guilty_(2018_film),The Guilty,2021,/wiki/The_Guilty_(2021_film)
Gunga Din,1939,/wiki/Gunga_Din_(film),Sergeants 3,1962,/wiki/Sergeants_3
A Guy Named Joe,1943,/wiki/A_Guy_Named_Joe,Always,1989,/wiki/Always_(1989_film)
Haq Mehar,1985,,Sanam Bewafa,1991,/wiki/Sanam_Bewafa
Halloween,1978,/wiki/Halloween_(1978_film),Halloween,2007,/wiki/Halloween_(2007_film)
Happy Days in Aranjuez,1933,/wiki/Happy_Days_in_Aranjuez,Desire,1936,/wiki/Desire_(1936_film)
Harakiri,1962,/wiki/Harakiri_(1962_film),Hara-Kiri: Death of a Samurai,2011,/wiki/Hara-Kiri:_Death_of_a_Samurai
The Haunting,1963,/wiki/The_Haunting_(1963_film),The Haunting,1999,/wiki/The_Haunting_(1999_film)
Heat,1986,/wiki/Heat_(1986_film), Wild Card,2015,/wiki/Wild_Card_(2015_film)
The Heartbreak Kid,1972,/wiki/The_Heartbreak_Kid_(1972_film),The Heartbreak Kid,2007,/wiki/The_Heartbreak_Kid_(2007_film)
Here Comes Mr. Jordan,1941,/wiki/Here_Comes_Mr._Jordan,Heaven Can Wait,1978,/wiki/Heaven_Can_Wait_(1978_film)
Here Comes Mr. Jordan,1941,/wiki/Here_Comes_Mr._Jordan,Down to Earth,2001,/wiki/Down_to_Earth_(2001_film)
Hi Nellie!,1934,/wiki/Hi_Nellie!,Love Is on the Air,1937,/wiki/Love_Is_on_the_Air
Hi Nellie!,1934,/wiki/Hi_Nellie!,You Can't Escape Forever,1942,/wiki/You_Can%27t_Escape_Forever
Hi Nellie!,1934,/wiki/Hi_Nellie!, The House Across the Street,1949,/wiki/The_House_Across_the_Street
High Noon,1952,/wiki/High_Noon,High Noon,2000,/wiki/High_Noon_(2000_film)
High Sierra,1941,/wiki/High_Sierra_(film),Colorado Territory,1949,/wiki/Colorado_Territory_(film)
High Sierra,1941,/wiki/High_Sierra_(film),I Died a Thousand Times,1955,/wiki/I_Died_a_Thousand_Times
The Hills Have Eyes,1977,/wiki/The_Hills_Have_Eyes_(1977_film),The Hills Have Eyes,2006,/wiki/The_Hills_Have_Eyes_(2006_film)
Himitsu,1999,/wiki/Himitsu_(film),The Secret,2007,/wiki/The_Secret_(2007_film)
His Girl Friday,1940,/wiki/His_Girl_Friday,Switching Channels,1988,/wiki/Switching_Channels
His Royal Slyness,1920,/wiki/His_Royal_Slyness,Long Fliv the King,1926,/wiki/Long_Fliv_the_King
The Hitcher,1986,/wiki/The_Hitcher_(1986_film),The Hitcher,2007,/wiki/The_Hitcher_(2007_film)
Hodet over vannet,1993,/wiki/Hodet_over_vannet,Head Above Water,1996,/wiki/Head_Above_Water_(film)
How the Grinch Stole Christmas,2000,/wiki/How_the_Grinch_Stole_Christmas_(2000_film),The Grinch,2018,/wiki/The_Grinch_(film)
Holiday,1930,/wiki/Holiday_(1930_film),Holiday,1938,/wiki/Holiday_(1938_film)
Holiday Affair,1949,/wiki/Holiday_Affair,Holiday Affair,1996,/wiki/Holiday_Affair_(1996_film)
Holiday for Henrietta,1952,/wiki/Holiday_for_Henrietta,Paris When It Sizzles,1964,/wiki/Paris_When_It_Sizzles
Hoop-La,1933,/wiki/Hoop-La,Diamond Horseshoe,1945,/wiki/Diamond_Horseshoe
Hot Money,2001,/wiki/Hot_Money,Mad Money,2008,/wiki/Mad_Money_(film)
Mystery of the Wax Museum,1933,/wiki/Mystery_of_the_Wax_Museum,House of Wax,1953,/wiki/House_of_Wax_(1953_film)
Mystery of the Wax Museum,1933,/wiki/Mystery_of_the_Wax_Museum,House of Wax,2005,/wiki/House_of_Wax_(2005_film)
House on Haunted Hill,1959,/wiki/House_on_Haunted_Hill,House on Haunted Hill,1999,/wiki/House_on_Haunted_Hill_(1999_film)
The House on Sorority Row,1983,/wiki/The_House_on_Sorority_Row,Sorority Row,2009,/wiki/Sorority_Row
House of Strangers,1949,/wiki/House_of_Strangers,Broken Lance,1954,/wiki/Broken_Lance
How to Make a Monster,1958,/wiki/How_to_Make_a_Monster_(1958_film),How to Make a Monster,2001,/wiki/How_to_Make_a_Monster_(2001_film)
Humanoids from the Deep,1980,/wiki/Humanoids_from_the_Deep,Humanoids from the Deep,1996,/wiki/Humanoids_from_the_Deep_(1996_film)
The Humpbacked Horse,1947,/wiki/The_Humpbacked_Horse_(1947_film),The Humpbacked Horse,1975,/wiki/The_Humpbacked_Horse_(1947_film)#1975_version
The Hurricane,1937,/wiki/The_Hurricane_(1937_film),Hurricane,1979,/wiki/Hurricane_(1979_film)
I Am Sam,2001,/wiki/I_Am_Sam,Main Aisa Hi Hoon,2005,/wiki/Main_Aisa_Hi_Hoon
I Married a Monster from Outer Space,1958,/wiki/I_Married_a_Monster_from_Outer_Space,I Married a Monster,1998,/wiki/I_Married_a_Monster_from_Outer_Space#Remake
I Saw What You Did,1965,/wiki/I_Saw_What_You_Did,I Saw What You Did,1988,/wiki/I_Saw_What_You_Did_(1988_film)
I Spit on Your Grave,1978,/wiki/I_Spit_on_Your_Grave,I Spit on Your Grave,2010,/wiki/I_Spit_on_Your_Grave_(2010_film)
I Want to Live!,1958,/wiki/I_Want_to_Live!,I Want to Live!,1983,/wiki/I_Want_to_Live!_(1983_film)
"I Was Born, But...",1932,"/wiki/I_Was_Born,_But...",Good Morning,1959,/wiki/Good_Morning_(1959_film)
Ice Castles,1978,/wiki/Ice_Castles,Ice Castles,2010,/wiki/Ice_Castles_(2010_film)
The Incredible Journey,1963,/wiki/The_Incredible_Journey_(film),Homeward Bound: The Incredible Journey,1993,/wiki/Homeward_Bound:_The_Incredible_Journey
Un indien dans la ville,1994,/wiki/Un_indien_dans_la_ville,Jungle 2 Jungle,1997,/wiki/Jungle_2_Jungle
Infernal Affairs,2002,/wiki/Infernal_Affairs,The Departed,2006,/wiki/The_Departed
The Informer,1935,/wiki/The_Informer_(1935_film),Uptight,1968,/wiki/Uptight_(film)
The Initiation of Sarah,1978,/wiki/The_Initiation_of_Sarah,The Initiation of Sarah,2006,/wiki/The_Initiation_of_Sarah_(2006_film)
The In-Laws,1979,/wiki/The_In-Laws_(1979_film),The In-Laws,2003,/wiki/The_In-Laws_(2003_film)
Insomnia,1997,/wiki/Insomnia_(1997_film),Insomnia,2002,/wiki/Insomnia_(2002_film)
Intermezzo,1936,/wiki/Intermezzo_(1936_film),Intermezzo,1939,/wiki/Intermezzo_(1939_film)
Interview,2003,/wiki/Interview_(2003_film),Interview,2007,/wiki/Interview_(2007_film)
The Intouchables,2011,/wiki/The_Intouchables,The Upside,2019,/wiki/The_Upside
Invaders from Mars,1953,/wiki/Invaders_from_Mars_(1953_film),Invaders from Mars,1986,/wiki/Invaders_from_Mars_(1986_film)
Invasion of the Body Snatchers,1956,/wiki/Invasion_of_the_Body_Snatchers,Invasion of the Body Snatchers,1978,/wiki/Invasion_of_the_Body_Snatchers_(1978_film)
Invasion of the Body Snatchers,1956,/wiki/Invasion_of_the_Body_Snatchers,Body Snatchers,1993,/wiki/Body_Snatchers_(1993_film)
Invasion of the Body Snatchers,1956,/wiki/Invasion_of_the_Body_Snatchers,The Invasion,2007,/wiki/The_Invasion_(film)
It Happened on 5th Avenue,1947,/wiki/It_Happened_on_5th_Avenue,Pugree,1948,
It Happened on 5th Avenue,1947,/wiki/It_Happened_on_5th_Avenue,Det hændte i København,1949,
It Happened on 5th Avenue,1947,/wiki/It_Happened_on_5th_Avenue,Dil Daulat Duniya,1972,/wiki/Dil_Daulat_Duniya
It Happened One Night,1934,/wiki/It_Happened_One_Night,Eve Knew Her Apples,1945,/wiki/Eve_Knew_Her_Apples
It Happened One Night,1934,/wiki/It_Happened_One_Night,You Can't Run Away from It,1956,/wiki/You_Can%27t_Run_Away_from_It
It Started with Eve,1941,/wiki/It_Started_with_Eve,I'd Rather Be Rich,1964,/wiki/I%27d_Rather_Be_Rich
The Italian Job,1969,/wiki/The_Italian_Job,The Italian Job,2003,/wiki/The_Italian_Job_(2003_film)
It's Alive,1974,/wiki/It%27s_Alive_(1974_film),It's Alive,2009,/wiki/It%27s_Alive_(2009_film)
It's a Wonderful Life,1946,/wiki/It%27s_a_Wonderful_Life,It Happened One Christmas,1977,/wiki/It_Happened_One_Christmas
The Jazz Singer,1927,/wiki/The_Jazz_Singer,The Jazz Singer,1952,/wiki/The_Jazz_Singer_(1952_film)
The Jazz Singer,1927,/wiki/The_Jazz_Singer,The Jazz Singer,1980,/wiki/The_Jazz_Singer_(1980_film)
Jersey,2019,/wiki/Jersey_(2019_film),Jersey,2022,
"Joe Smith, American",1942,"/wiki/Joe_Smith,_American",The Big Operator,1959,/wiki/The_Big_Operator_(1959_film)
Le Jouet,1976,/wiki/Le_Jouet,The Toy,1982,/wiki/The_Toy_(1982_film)
Le Jour se lève,1939,/wiki/Le_Jour_se_l%C3%A8ve,The Long Night,1947,/wiki/The_Long_Night_(1947_film)
Journey into Fear,1943,/wiki/Journey_into_Fear_(1943_film),Journey into Fear,1975,/wiki/Journey_into_Fear_(1975_film)
The Jungle Book,1967,/wiki/The_Jungle_Book_(1967_film),The Jungle Book,2016,/wiki/The_Jungle_Book_(2016_film)
Kaakha Kaakha,2003,/wiki/Kaakha_Kaakha,Gharshana,2004,/wiki/Gharshana
The Karate Kid,1984,/wiki/The_Karate_Kid,The Karate Kid,2010,/wiki/The_Karate_Kid_(2010_film)
Katha Parayumpol,2007,/wiki/Katha_Parayumpol,Kathanayakudu,2008,
Katha Parayumpol,2007,/wiki/Katha_Parayumpol,"Billu Barber (2009)
",2009,/wiki/Billu_Barber
Kick,2009,/wiki/Kick_(2009_film),Kick,2014,
The Kid from Left Field,1953,/wiki/The_Kid_from_Left_Field_(1953_film),The Kid from Left Field,1979,/wiki/The_Kid_from_Left_Field_(1979_film)
King Kong,1933,/wiki/King_Kong_(1933_film),King Kong,1976,/wiki/King_Kong_(1976_film)
King Kong,1933,/wiki/King_Kong_(1933_film),The Mighty Kong,1998,/wiki/The_Mighty_Kong
King Kong,1933,/wiki/King_Kong_(1933_film),King Kong,2005,/wiki/King_Kong_(2005_film)
Kismet,1944,/wiki/Kismet_(1944_film),Kismet,1955,/wiki/Kismet_(1955_film)
Kiss of Death,1947,/wiki/Kiss_of_Death_(1947_film),The Fiend Who Walked the West,1958,/wiki/The_Fiend_Who_Walked_the_West
Kiss of Death,1947,/wiki/Kiss_of_Death_(1947_film),Kiss of Death,1995,/wiki/Kiss_of_Death_(1995_film)
Kolamba Sanniya,1976,/wiki/Kolamba_Sanniya,Kolamba Sanniya Returns,2018,/wiki/Kolamba_Sanniya_Returns
Kaththi,2014,/wiki/Kaththi,Khaidhi No. 150,2017,
L.A. Takedown,1989,/wiki/L.A._Takedown,Heat,1995,/wiki/Heat_(1995_film)
Lady and the Tramp,1955,/wiki/Lady_and_the_Tramp,Lady and the Tramp,2019,/wiki/Lady_and_the_Tramp_(2019_film)
The Lady Eve,1941,/wiki/The_Lady_Eve,The Birds and the Bees,1956,/wiki/The_Birds_and_the_Bees_(film)
Lady for a Day,1933,/wiki/Lady_for_a_Day,Pocketful of Miracles,1961,/wiki/Pocketful_of_Miracles
The Ladykillers,1955,/wiki/The_Ladykillers_(1955_film),The Ladykillers,2004,/wiki/The_Ladykillers_(2004_film)
The Lady Vanishes,1938,/wiki/The_Lady_Vanishes,The Lady Vanishes,1979,/wiki/The_Lady_Vanishes_(1979_film)
Lage Raho Munna Bhai,2006,/wiki/Lage_Raho_Munna_Bhai,Shankar Dada Zindabad,2007,/wiki/Shankar_Dada_Zindabad
The Land Beyond the Law,1927,/wiki/The_Land_Beyond_the_Law,The Big Stampede,1932,/wiki/The_Big_Stampede
The Land Beyond the Law,1927,/wiki/The_Land_Beyond_the_Law,Land Beyond the Law,1937,/wiki/Land_Beyond_the_Law
The Land That Time Forgot,1975,/wiki/The_Land_That_Time_Forgot_(1975_film),The Land That Time Forgot,2009,/wiki/The_Land_That_Time_Forgot_(2009_film)
Last Holiday,1950,/wiki/Last_Holiday_(1950_film),Last Holiday,2006,/wiki/Last_Holiday_(2006_film)
The Last House on the Left,1972,/wiki/The_Last_House_on_the_Left,The Last House on the Left,2009,/wiki/The_Last_House_on_the_Left_(2009_film)
The Last Kiss,2001,/wiki/The_Last_Kiss_(2001_film),The Last Kiss,2006,/wiki/The_Last_Kiss_(2006_film)
The Last Man on Earth,1924,/wiki/The_Last_Man_on_Earth_(1924_film),It's Great to Be Alive,1933,/wiki/It%27s_Great_to_Be_Alive_(film)
The Last Mile,1932,/wiki/The_Last_Mile_(1932_film),The Last Mile,1959,/wiki/The_Last_Mile_(1959_film)
Last of the Badmen,1957,/wiki/Last_of_the_Badmen,Gunfight at Comanche Creek,1963,/wiki/Gunfight_at_Comanche_Creek
Last Shift,2014,/wiki/Last_Shift,Malum,2023,/wiki/Malum_(film)
The Letter,1940,/wiki/The_Letter_(1940_film),The Unfaithful,1947,/wiki/The_Unfaithful_(1947_film)
A Letter to Three Wives,1949,/wiki/A_Letter_to_Three_Wives,A Letter to Three Wives,1985,/wiki/A_Letter_to_Three_Wives#Adaptations
Lifeboat,1944,/wiki/Lifeboat_(1944_film),Lifepod,1993,/wiki/Lifepod_(1993_film)
De Lift,1983,/wiki/De_Lift,Down,2001,/wiki/Down_(film)
The Lion King,1994,/wiki/The_Lion_King,The Lion King,2019,/wiki/The_Lion_King_(2019_film)
Little Caesar,1931,/wiki/Little_Caesar_(film),Black Caesar,1973,/wiki/Black_Caesar_(film)
Little Fugitive,1953,/wiki/Little_Fugitive_(1953_film),Little Fugitive,2006,/wiki/Little_Fugitive_(2006_film)
The Little Mermaid,1989,/wiki/The_Little_Mermaid_(1989_film),The Little Mermaid,2023,/wiki/The_Little_Mermaid_(2023_film)
Little Miss Marker,1934,/wiki/Little_Miss_Marker_(1934_film),Sorrowful Jones,1949,/wiki/Sorrowful_Jones
Little Miss Marker,1934,/wiki/Little_Miss_Marker_(1934_film),Little Miss Marker,1980,/wiki/Little_Miss_Marker_(1980_film)
The Little Shop of Horrors,1960,/wiki/The_Little_Shop_of_Horrors,Little Shop of Horrors,1986,/wiki/Little_Shop_of_Horrors_(film)
Loft,2008,/wiki/Loft_(2008_film),Loft,2010,/wiki/Loft_(2010_film)
Loft,2008,/wiki/Loft_(2008_film),The Loft,2014,/wiki/The_Loft_(film)
LOL (Laughing Out Loud),2008,/wiki/LOL_(Laughing_Out_Loud),LOL,2012,/wiki/LOL_(2012_film)
London After Midnight,1927,/wiki/London_After_Midnight_(film),Mark of the Vampire,1935,/wiki/Mark_of_the_Vampire
Lonesome,1928,/wiki/Lonesome_(1928_film),The Affair of Susan,1935,/wiki/The_Affair_of_Susan
The Longest Yard,1974,/wiki/The_Longest_Yard_(1974_film),Mean Machine,2001,/wiki/Mean_Machine_(film)
The Longest Yard,1974,/wiki/The_Longest_Yard_(1974_film),The Longest Yard,2005,/wiki/The_Longest_Yard_(2005_film)
"The Long, Hot Summer",1958,"/wiki/The_Long,_Hot_Summer",The Long Hot Summer,1985,/wiki/The_Long_Hot_Summer_(1985_film)
The Lost Chord,1917,/wiki/The_Lost_Chord_(1917_film),The Lost Chord,1925,/wiki/The_Lost_Chord_(1925_film)
Lost Horizon,1937,/wiki/Lost_Horizon_(1937_film),Lost Horizon,1973,/wiki/Lost_Horizon_(1973_film)
Lost Patrol,1929,/wiki/Lost_Patrol_(1929_film),The Lost Patrol,1934,/wiki/The_Lost_Patrol_(1934_film)
"Louis 19, King of the Airwaves",1994,"/wiki/Louis_19,_King_of_the_Airwaves",EDtv,1999,/wiki/EDtv
Love Affair,1939,/wiki/Love_Affair_(1939_film),An Affair to Remember,1957,/wiki/An_Affair_to_Remember
Love Affair,1939,/wiki/Love_Affair_(1939_film),Love Affair,1994,/wiki/Love_Affair_(1994_film)
Love Is News,1937,/wiki/Love_Is_News,That Wonderful Urge,1948,/wiki/That_Wonderful_Urge
Love from a Stranger,1937,/wiki/Love_from_a_Stranger_(1937_film),Love from a Stranger,1947,/wiki/Love_from_a_Stranger_(1947_film)
Maula Jatt,1979,/wiki/Maula_Jatt,Jeene Nahi Doonga,1984,/wiki/Jeene_Nahi_Doonga
Maula Jatt,1979,/wiki/Maula_Jatt,The Legend of Maula Jatt,2021,/wiki/The_Legend_of_Maula_Jatt
M,1931,/wiki/M_(1931_film),M,1951,/wiki/M_(1951_film)
Mädchen in Uniform,1931,/wiki/M%C3%A4dchen_in_Uniform,Mädchen in Uniform,1958,/wiki/M%C3%A4dchen_in_Uniform_(1958_film)
Magnificent Obsession,1935,/wiki/Magnificent_Obsession_(1935_film),Magnificent Obsession,1954,/wiki/Magnificent_Obsession_(1954_film)
The Magnificent Seven,1960,/wiki/The_Magnificent_Seven,Battle Beyond the Stars,1980,/wiki/Battle_Beyond_the_Stars
The Magnificent Seven,1960,/wiki/The_Magnificent_Seven,The Magnificent Seven,2016,/wiki/The_Magnificent_Seven_(2016_film)
The Major and the Minor,1942,/wiki/The_Major_and_the_Minor,You're Never Too Young,1955,/wiki/You%27re_Never_Too_Young
A Man Called Ove,2015,/wiki/A_Man_Called_Ove_(film),A Man Called Otto,2022,/wiki/A_Man_Called_Otto
The Man Who Knew Too Much,1934,/wiki/The_Man_Who_Knew_Too_Much_(1934_film),The Man Who Knew Too Much,1956,/wiki/The_Man_Who_Knew_Too_Much_(1956_film)
The Man Who Lived Twice,1936,/wiki/The_Man_Who_Lived_Twice,Man in the Dark,1953,/wiki/Man_in_the_Dark
The Man Who Loved Women,1977,/wiki/The_Man_Who_Loved_Women_(1977_film),The Man Who Loved Women,1983,/wiki/The_Man_Who_Loved_Women_(1983_film)
The Manchurian Candidate,1962,/wiki/The_Manchurian_Candidate_(1962_film),The Manchurian Candidate,2004,/wiki/The_Manchurian_Candidate_(2004_film)
Manichitrathazhu,1993,/wiki/Manichitrathazhu,Apthamitra,2004,/wiki/Apthamitra
Manichitrathazhu,1993,/wiki/Manichitrathazhu,Chandramukhi,2005,/wiki/Chandramukhi
Manichitrathazhu,1993,/wiki/Manichitrathazhu,Rajmohol,2005,/wiki/Rajmohol
Manichitrathazhu,1993,/wiki/Manichitrathazhu,Bhool Bhulaiyaa,2007,/wiki/Bhool_Bhulaiyaa
Il Mare,2000,/wiki/Il_Mare,The Lake House,2006,/wiki/The_Lake_House_(film)
Mare Nostrum,1926,/wiki/Mare_Nostrum_(1926_film),Mare Nostrum,1948,/wiki/Mare_Nostrum_(1948_film)
Maskerade,1934,/wiki/Maskerade_(film),Escapade,1935,/wiki/Escapade_(1935_film)
Martyrs,2008,/wiki/Martyrs_(2008_film),Martyrs,2015,/wiki/Martyrs_(2015_film)
The Mayor of Hell,1933,/wiki/The_Mayor_of_Hell,Crime School,1938,/wiki/Crime_School
Midnight,1939,/wiki/Midnight_(1939_film),Masquerade in Mexico,1945,/wiki/Masquerade_in_Mexico
The Mechanic,1972,/wiki/The_Mechanic_(1972_film),The Mechanic,2011,/wiki/The_Mechanic_(2011_film)
Meet the Parents,1992,/wiki/Meet_the_Parents_(1992_film),Meet the Parents,2000,/wiki/Meet_the_Parents
Merton of the Movies,1924,/wiki/Merton_of_the_Movies_(1924_film),Make Me a Star,1932,/wiki/Make_Me_a_Star_(film)
Midsommer,2003,/wiki/Midsommer,Solstice,2008,/wiki/Solstice_(film)
Midnight Lace,1960,/wiki/Midnight_Lace,Midnight Lace,1981,/wiki/Midnight_Lace#Remake
Mighty Joe Young,1949,/wiki/Mighty_Joe_Young_(1949_film),Mighty Joe Young,1998,/wiki/Mighty_Joe_Young_(1998_film)
Miracle in Cell No. 7,2013,/wiki/Miracle_in_Cell_No._7,Miracle in Cell No. 7 (Philippine remake),2019,
Miracle in Cell No. 7,2013,/wiki/Miracle_in_Cell_No._7,Miracle in Cell No. 7 (Turkish remake),2019,
Miracle in Cell No. 7,2013,/wiki/Miracle_in_Cell_No._7,Miracle in Cell No. 7 (Indonesian remake),2022,
The Miracle of Morgan's Creek,1944,/wiki/The_Miracle_of_Morgan%27s_Creek,Rock-A-Bye Baby,1958,/wiki/Rock-A-Bye_Baby_(film)
Miracle on 34th Street,1947,/wiki/Miracle_on_34th_Street,Miracle on 34th Street,1973,/wiki/Miracle_on_34th_Street_(1973_film)
Miracle on 34th Street,1947,/wiki/Miracle_on_34th_Street,Miracle on 34th Street,1994,/wiki/Miracle_on_34th_Street_(1994_film)
The Miracle Man,1919,/wiki/The_Miracle_Man_(1919_film),The Miracle Man,1932,/wiki/The_Miracle_Man_(1932_film)
Miss Granny,2014,/wiki/Miss_Granny,20 Once Again,2015,/wiki/20_Once_Again_(film)
Miss Granny,2014,/wiki/Miss_Granny,Sweet 20,2015,/wiki/Sweet_20
Mississippi Mermaid,1969,/wiki/Mississippi_Mermaid,Original Sin,2001,/wiki/Original_Sin_(2001_film)
The Magnificent Fraud,1939,/wiki/The_Magnificent_Fraud,Moon over Parador,1988,/wiki/Moon_over_Parador
The Michigan Kid,1928,/wiki/The_Michigan_Kid_(1928_film),The Michigan Kid,1947,/wiki/The_Michigan_Kid
The More the Merrier,1943,/wiki/The_More_the_Merrier,"Walk, Don't Run",1966,"/wiki/Walk,_Don%27t_Run_(film)"
Mostly Martha,2001,/wiki/Mostly_Martha_(film),No Reservations,2007,/wiki/No_Reservations_(film)
Mother's Day,1980,/wiki/Mother%27s_Day_(1980_film),Mother's Day,2010,/wiki/Mother%27s_Day_(2010_film)
Mr. Blandings Builds His Dream House,1948,/wiki/Mr._Blandings_Builds_His_Dream_House,The Money Pit,1986,/wiki/The_Money_Pit
Mr. Deeds Goes to Town,1936,/wiki/Mr._Deeds_Goes_to_Town,Mr. Deeds,2002,/wiki/Mr._Deeds
Mr. Smith Goes to Washington,1939,/wiki/Mr._Smith_Goes_to_Washington,Billy Jack Goes to Washington,1977,/wiki/Billy_Jack_Goes_to_Washington
Mulan,1998,/wiki/Mulan_(1998_film),Mulan,2020,/wiki/Mulan_(2020_film)
The Mummy,1932,/wiki/The_Mummy_(1932_film),The Mummy,1959,/wiki/The_Mummy_(1959_film)
The Mummy,1932,/wiki/The_Mummy_(1932_film),The Mummy,1999,/wiki/The_Mummy_(1999_film)
The Mummy,1932,/wiki/The_Mummy_(1932_film),The Mummy,2017,/wiki/The_Mummy_(2017_film)
Munna Bhai M.B.B.S.,2003,/wiki/Munna_Bhai_M.B.B.S.,Shankar Dada M.B.B.S.,2004,/wiki/Shankar_Dada_M.B.B.S.
Munna Bhai M.B.B.S.,2003,/wiki/Munna_Bhai_M.B.B.S.,Vasool Raja M.B.B.S.,2004,/wiki/Vasool_Raja_M.B.B.S.
Munna Bhai M.B.B.S.,2003,/wiki/Munna_Bhai_M.B.B.S.,Uppi Dada MBBS,2006,/wiki/Uppi_Dada_MBBS
Munna Bhai M.B.B.S.,2003,/wiki/Munna_Bhai_M.B.B.S.,Dr. Nawariyan,2017,/wiki/Dr._Nawariyan
Murder!,1930,/wiki/Murder!,Mary,1931,/wiki/Mary_(1931_film)
The Music Man,1962,/wiki/The_Music_Man_(1962_film),The Music Man,2003,/wiki/The_Music_Man_(2003_film)
My Bloody Valentine,1981,/wiki/My_Bloody_Valentine_(film),My Bloody Valentine 3D,2009,/wiki/My_Bloody_Valentine_3D
My Father's Dragon,1997,/wiki/My_Father%27s_Dragon_(1997_film),My Father's Dragon,2022,/wiki/My_Father%27s_Dragon_(2022_film)
My Father the Hero,1991,/wiki/My_Father_the_Hero_(1991_film),My Father the Hero,1994,/wiki/My_Father_the_Hero_(1994_film)
My Favorite Wife,1940,/wiki/My_Favorite_Wife,Something's Got to Give,1962,/wiki/Something%27s_Got_to_Give
My Favorite Wife,1940,/wiki/My_Favorite_Wife,"Move Over, Darling",1963,"/wiki/Move_Over,_Darling"
My Man Godfrey,1936,/wiki/My_Man_Godfrey,My Man Godfrey,1957,/wiki/My_Man_Godfrey_(1957_film)
My Name Is Julia Ross,1945,/wiki/My_Name_Is_Julia_Ross,Dead of Winter,1987,/wiki/Dead_of_Winter_(film)
My Old Dutch,1915,/wiki/My_Old_Dutch_(1915_film),My Old Dutch,1926,/wiki/My_Old_Dutch_(1926_film)
My Sister Eileen,1942,/wiki/My_Sister_Eileen_(1942_film),My Sister Eileen,1955,/wiki/My_Sister_Eileen_(1955_film)
Mystery of the Wax Museum,1933,/wiki/Mystery_of_the_Wax_Museum,House of Wax,1953,/wiki/House_of_Wax_(1953_film)
The Narrow Margin,1952,/wiki/The_Narrow_Margin,Narrow Margin,1990,/wiki/Narrow_Margin
Naukar Wohti Da,1974,/wiki/Naukar_Wohti_Da,Naukar Biwi Ka,1983,/wiki/Naukar_Biwi_Ka
Naukar Wohti Da,1974,/wiki/Naukar_Wohti_Da,Naukar Vahuti Da,2019,/wiki/Naukar_Vahuti_Da
Naadodigal,2009,/wiki/Naadodigal,Shambo Shiva Shambo,2010,/wiki/Shambo_Shiva_Shambo
Naadodigal,2009,/wiki/Naadodigal,Hudugaru,2011,/wiki/Hudugaru
Naadodigal,2009,/wiki/Naadodigal,Ithu Nammude Katha,2011,/wiki/Ithu_Nammude_Katha
Naadodigal,2009,/wiki/Naadodigal,Rangrezz,2013,/wiki/Rangrezz
Nathalie...,2003,/wiki/Nathalie...,Chloe,2009,/wiki/Chloe_(2009_film)
Neuf mois,1994,/wiki/Neuf_mois,Nine Months,1995,/wiki/Nine_Months
Never the Twain Shall Meet,1925,/wiki/Never_the_Twain_Shall_Meet_(1925_film),Never the Twain Shall Meet,1931,/wiki/Never_the_Twain_Shall_Meet_(1931_film)
Night and the City,1950,/wiki/Night_and_the_City,Night and the City,1992,/wiki/Night_and_the_City_(1992_film)
Night Must Fall,1937,/wiki/Night_Must_Fall_(1937_film),Night Must Fall,1964,/wiki/Night_Must_Fall_(1964_film)
Night of the Demons,1988,/wiki/Night_of_the_Demons_(1988_film),Night of the Demons,2009,/wiki/Night_of_the_Demons_(2009_film)
The Night of the Hunter,1955,/wiki/The_Night_of_the_Hunter_(film),Night of the Hunter,1991,/wiki/Night_of_the_Hunter_(1991_film)
Night of the Living Dead,1968,/wiki/Night_of_the_Living_Dead,Night of the Living Dead,1990,/wiki/Night_of_the_Living_Dead_(1990_film)
Night of the Living Dead,1968,/wiki/Night_of_the_Living_Dead,Night of the Living Dead 3D,2006,/wiki/Night_of_the_Living_Dead_3D
A Nightmare on Elm Street,1984,/wiki/A_Nightmare_on_Elm_Street,A Nightmare on Elm Street,2010,/wiki/A_Nightmare_on_Elm_Street_(2010_film)
Nights of Cabiria,1957,/wiki/Nights_of_Cabiria,Sweet Charity,1969,/wiki/Sweet_Charity_(film)
Nightwatch,1994,/wiki/Nightwatch_(1994_film),Nightwatch,1997,/wiki/Nightwatch_(1997_film)
Ninotchka,1939,/wiki/Ninotchka,Silk Stockings,1957,/wiki/Silk_Stockings
Nosferatu,1922,/wiki/Nosferatu,Nosferatu the Vampyre,1979,/wiki/Nosferatu_the_Vampyre
Not of This Earth,1957,/wiki/Not_of_This_Earth_(1957_film),Not of This Earth,1988,/wiki/Not_of_This_Earth_(1988_film)
Not of This Earth,1957,/wiki/Not_of_This_Earth_(1957_film),Not of This Earth,1995,/wiki/Not_of_This_Earth_(1995_film)
Nueve Reinas,2000,/wiki/Nueve_Reinas,Criminal,2004,/wiki/Criminal_(2004_film)
Nueve Reinas,2000,/wiki/Nueve_Reinas,Gulumaal: The Escape,2009,/wiki/Gulumaal:_The_Escape
Nueve Reinas,2000,/wiki/Nueve_Reinas,All the Best,2012,/wiki/All_the_Best_(film)
The Nutty Professor,1963,/wiki/The_Nutty_Professor_(1963_film),The Nutty Professor,1996,/wiki/The_Nutty_Professor_(1996_film)
Nuvvostanante Nenoddantana,2005,/wiki/Nuvvostanante_Nenoddantana,Unakkum Enakkum,2006,/wiki/Unakkum_Enakkum
Nuvvostanante Nenoddantana,2005,/wiki/Nuvvostanante_Nenoddantana,Neenello Naanalle,2006,/wiki/Neenello_Naanalle
Nuvvostanante Nenoddantana,2005,/wiki/Nuvvostanante_Nenoddantana,I Love You,2007,/wiki/I_Love_You_(2007_Bengali_film)
Nuvvostanante Nenoddantana,2005,/wiki/Nuvvostanante_Nenoddantana,Suna Chadhei Mo Rupa Chadhei,2009,/wiki/Suna_Chadhei_Mo_Rupa_Chadhei
Nuvvostanante Nenoddantana,2005,/wiki/Nuvvostanante_Nenoddantana,Tera Mera Ki Rishta,2009,/wiki/Tera_Mera_Ki_Rishta
Nuvvostanante Nenoddantana,2005,/wiki/Nuvvostanante_Nenoddantana,Nissash Amar Tumi,2010,/wiki/Nissash_Amar_Tumi
Nuvvostanante Nenoddantana,2005,/wiki/Nuvvostanante_Nenoddantana,Ramaiya Vastavaiya,2013,/wiki/Ramaiya_Vastavaiya
Ocean's 11,1960,/wiki/Ocean%27s_11,Ocean's Eleven,2001,/wiki/Ocean%27s_Eleven
The Old Dark House,1932,/wiki/The_Old_Dark_House_(1932_film),The Old Dark House,1963,/wiki/The_Old_Dark_House_(1963_film)
Oldboy,2003,/wiki/Oldboy_(2003_film),Oldboy,2013,/wiki/Oldboy_(2013_film)
Oldboy,2003,/wiki/Oldboy_(2003_film),Zinda,2006,/wiki/Zinda_(film)
The Omen,1976,/wiki/The_Omen,The Omen,2006,/wiki/The_Omen_(2006_film)
OMG – Oh My God!,2012,/wiki/OMG_%E2%80%93_Oh_My_God!,Gopala Gopala,2015,/wiki/Gopala_Gopala_(2015_film)
OMG – Oh My God!,2012,/wiki/OMG_%E2%80%93_Oh_My_God!,Mukunda Murari,2016,/wiki/Mukunda_Murari
On the Beach,1959,/wiki/On_the_Beach_(1959_film),On the Beach,2000,/wiki/On_the_Beach_(2000_film)
One Hundred and One Dalmatians,1961,/wiki/One_Hundred_and_One_Dalmatians,101 Dalmatians,1996,/wiki/101_Dalmatians_(1996_film)
The One Million Pound Note,1916,/wiki/The_One_Million_Pound_Note,The One Million Pound Note,1954,/wiki/The_One_Million_Pound_Note
The One Million Pound Note,1916,/wiki/The_One_Million_Pound_Note,A Million to Juan,1994,/wiki/A_Million_to_Juan
One Missed Call,2004,/wiki/One_Missed_Call_(2003_film),One Missed Call,2007,/wiki/One_Missed_Call_(2008_film)
One Sunday Afternoon,1933,/wiki/One_Sunday_Afternoon_(1933_film),The Strawberry Blonde,1941,/wiki/The_Strawberry_Blonde
Open Your Eyes,1997,/wiki/Open_Your_Eyes_(1997_film),Vanilla Sky,2001,/wiki/Vanilla_Sky
Oscar,1967,/wiki/Oscar_(1967_film),Oscar,1991,/wiki/Oscar_(1991_film)
La Otra,1945,/wiki/La_Otra_(film),Dead Ringer,1964,/wiki/Dead_Ringer_(1964_film)
La Otra,1945,/wiki/La_Otra_(film),Killer in the Mirror,1986,
The Out-of-Towners,1970,/wiki/The_Out-of-Towners_(1970_film),The Out-of-Towners,1999,/wiki/The_Out-of-Towners_(1999_film)
Out of the Past,1947,/wiki/Out_of_the_Past,Against All Odds,1984,/wiki/Against_All_Odds_(1984_film)
Outlaw Bound,1930,/wiki/Outward_Bound_(film),Between Two Worlds,1944,/wiki/Between_Two_Worlds_(1944_film)
Outrage,1973,/wiki/Outrage_(1973_film),Outrage,1998,/wiki/Outrage_(1998_film)
Overboard,1987,/wiki/Overboard_(1987_film),Overboard,2018,/wiki/Overboard_(2018_film)
Bazar e Husan,1988,,Pati Patni Aur Tawaif,1990,/wiki/Pati_Patni_Aur_Tawaif
Paid in Full,1914,/wiki/Paid_in_Full_(1914_film),Paid in Full,1919,/wiki/Paid_in_Full_(1919_film)
The Paleface,1948,/wiki/The_Paleface_(1948_film),The Shakiest Gun in the West,1968,/wiki/The_Shakiest_Gun_in_the_West
Panhandle,1948,/wiki/Panhandle_(film),The Texican,1966,/wiki/The_Texican
Papillon,1973,/wiki/Papillon_(1973_film),Papillon,2017,/wiki/Papillon_(2017_film)
Pardon Mon Affaire,1976,/wiki/Pardon_Mon_Affaire,The Woman in Red,1984,/wiki/The_Woman_in_Red_(1984_film)
"Parlor, Bedroom and Bath",1920,"/wiki/Parlor,_Bedroom_and_Bath_(1920_film)","Parlor, Bedroom and Bath",1931,"/wiki/Parlor,_Bedroom_and_Bath_(1931_film)"
The Parent Trap,1961,/wiki/The_Parent_Trap_(1961_film),The Parent Trap,1998,/wiki/The_Parent_Trap_(1998_film)
Passers By,1916,/wiki/Passers_By_(1916_film),Passers By,1920,/wiki/Passers_By_(1920_film)
Pathfinder,1987,/wiki/Pathfinder_(1987_film),Pathfinder,2006,/wiki/Pathfinder_(2007_film)
Pépé le Moko,1937,/wiki/P%C3%A9p%C3%A9_le_Moko,Algiers,1938,/wiki/Algiers_(1938_film)
Le Père Noël est une ordure,1982,/wiki/Le_P%C3%A8re_No%C3%ABl_est_une_ordure,Mixed Nuts,1994,/wiki/Mixed_Nuts
Pete's Dragon,1977,/wiki/Pete%27s_Dragon_(1977_film),Pete's Dragon,2016,/wiki/Pete%27s_Dragon_(2016_film)
Peter Pan,1953,/wiki/Peter_Pan_(1953_film),Peter Pan & Wendy,2023,/wiki/Peter_Pan_%26_Wendy
The Phantom Carriage,1921,/wiki/The_Phantom_Carriage,The Phantom Carriage,1958,/wiki/The_Phantom_Carriage_(1958_film)
The Phantom of the Opera,1925,/wiki/The_Phantom_of_the_Opera_(1925_film),Song at Midnight,1931,/wiki/Song_at_Midnight
The Phantom of the Opera,1925,/wiki/The_Phantom_of_the_Opera_(1925_film),Phantom of the Opera,1943,/wiki/Phantom_of_the_Opera_(1943_film)
The Phantom of the Opera,1925,/wiki/The_Phantom_of_the_Opera_(1925_film),The Phantom of the Opera,1962,/wiki/The_Phantom_of_the_Opera_(1962_film)
The Phantom of the Opera,1925,/wiki/The_Phantom_of_the_Opera_(1925_film),The Phantom of the Opera,1989,/wiki/The_Phantom_of_the_Opera_(1989_film)
The Phantom of the Opera,1925,/wiki/The_Phantom_of_the_Opera_(1925_film),Il fantasma dell'opera,1998,/wiki/The_Phantom_of_the_Opera_(1998_film)
The Philadelphia Story,1940,/wiki/The_Philadelphia_Story_(film),High Society,1956,/wiki/High_Society_(1956_film)
Pink,2016,/wiki/Pink_(2016_film),Nerkonda Paarvai,2019,/wiki/Nerkonda_Paarvai
Pink,2016,/wiki/Pink_(2016_film),Vakeel Saab,2021,/wiki/Vakeel_Saab
Pinocchio,1940,/wiki/Pinocchio_(1940_film),Pinocchio,2022,/wiki/Pinocchio_(2022_live-action_film)
Piranha,1978,/wiki/Piranha_(1978_film),Piranha,1995,/wiki/Piranha_(1995_film)
Piranha,1978,/wiki/Piranha_(1978_film),Piranha 3D,2010,/wiki/Piranha_3D
Planet of the Apes,1968,/wiki/Planet_of_the_Apes_(1968_film),Planet of the Apes,2001,/wiki/Planet_of_the_Apes_(2001_film)
The Plank,1967,/wiki/The_Plank_(1967_film),The Plank,1979,/wiki/The_Plank_(1979_film)
Point Blank,1967,/wiki/Point_Blank_(1967_film),The Outfit,1973,/wiki/The_Outfit_(1973_film)
Point Blank,1967,/wiki/Point_Blank_(1967_film),Payback,1999,/wiki/Payback_(1999_film)
Point Break,1991,/wiki/Point_Break,Point Break,2015,/wiki/Point_Break_(2015_film)
Poltergeist,1982,/wiki/Poltergeist_(1982_film),Poltergeist,2015,/wiki/Poltergeist_(2015_film)
Pokémon: The First Movie,1998,/wiki/Pok%C3%A9mon:_The_First_Movie,Pokémon: Mewtwo Strikes Back—Evolution,2019,/wiki/Pok%C3%A9mon:_Mewtwo_Strikes_Back%E2%80%94Evolution
Pokiri,2006,/wiki/Pokiri_(2006_film),Pokkiri,2007,/wiki/Pokkiri
Pokiri,2006,/wiki/Pokiri_(2006_film),Wanted,2009,/wiki/Wanted_(2009_film)
Pokiri,2006,/wiki/Pokiri_(2006_film),Porki,2010,/wiki/Porki
The Poseidon Adventure,1972,/wiki/The_Poseidon_Adventure_(1972_film),The Poseidon Adventure,2005,/wiki/The_Poseidon_Adventure_(2005_film)
The Poseidon Adventure,1972,/wiki/The_Poseidon_Adventure_(1972_film),Poseidon,2006,/wiki/Poseidon_(film)
Prancer,1989,/wiki/Prancer_(film),Prancer: A Christmas Tale,2022,/wiki/Prancer:_A_Christmas_Tale
A Precocious Girl,1934,/wiki/A_Precocious_Girl,Between Us Girls,1942,/wiki/Between_Us_Girls
Premier rendez-vous,1941,/wiki/Premier_rendez-vous,Ihr erstes Rendezvous [de],1955,/wiki/Ihr_erstes_Rendezvous
Pretty Poison,1968,/wiki/Pretty_Poison_(film),Pretty Poison,1996,/wiki/Pretty_Poison_(film)#Remake
The Prisoner of Zenda,1937,/wiki/The_Prisoner_of_Zenda_(1937_film),The Prisoner of Zenda,1952,/wiki/The_Prisoner_of_Zenda_(1952_film)
The Private War of Major Benson,1955,/wiki/The_Private_War_of_Major_Benson,Major Payne,1995,/wiki/Major_Payne
Profumo di donna,1974,/wiki/Profumo_di_donna,Scent of a Woman,1992,/wiki/Scent_of_a_Woman_(1992_film)
Prom Night,1980,/wiki/Prom_Night_(1980_film),Prom Night,2008,/wiki/Prom_Night_(2008_film)
Psycho,1960,/wiki/Psycho_(1960_film),Psycho,1998,/wiki/Psycho_(1998_film)
Pulse,2001,/wiki/Pulse_(2001_film),Pulse,2006,/wiki/Pulse_(2006_film)
Ransom!,1956,/wiki/Ransom!,Ransom,1996,/wiki/Ransom_(1996_film)
Rashomon,1950,/wiki/Rashomon,The Outrage,1964,/wiki/The_Outrage
Ready,2008,/wiki/Ready_(2008_film),Ready,2011,
Rear Window,1954,/wiki/Rear_Window,Rear Window,1998,/wiki/Rear_Window_(1998_film)
REC,2007,/wiki/REC_(film),Quarantine,2008,/wiki/Quarantine_(2008_film)
Red Dawn,1984,/wiki/Red_Dawn,Red Dawn,2012,/wiki/Red_Dawn_(2012_film)
Red Dust,1932,/wiki/Red_Dust_(1932_film),Mogambo,1953,/wiki/Mogambo
Rendezvous,1935,/wiki/Rendezvous_(1935_film),Pacific Rendezvous,1942,/wiki/Pacific_Rendezvous
Resurrection,1980,/wiki/Resurrection_(1980_film),Resurrection,1999,/wiki/Resurrection_(1980_film)#Television
Retribution,2015,/wiki/Retribution_(2015_film),Hard Hit,2021,/wiki/Hard_Hit
Retribution,2015,/wiki/Retribution_(2015_film),Retribution,2023,/wiki/Retribution_(2023_film)
Ringu,1998,/wiki/Ring_(film),The Ring,2002,/wiki/The_Ring_(2002_film)
RoboCop,1987,/wiki/RoboCop,RoboCop,2014,/wiki/RoboCop_(2014_film)
The Rocky Horror Picture Show,1975,/wiki/The_Rocky_Horror_Picture_Show,The Rocky Horror Picture Show: Let's Do the Time Warp Again,2016,/wiki/The_Rocky_Horror_Picture_Show:_Let%27s_Do_the_Time_Warp_Again
Rollerball,1975,/wiki/Rollerball_(1975_film),Rollerball,2002,/wiki/Rollerball_(2002_film)
Roman Holiday,1953,/wiki/Roman_Holiday,Roman Holiday,1987,/wiki/Roman_Holiday_(1987_film)
The Roman Spring of Mrs. Stone,1961,/wiki/The_Roman_Spring_of_Mrs._Stone,The Roman Spring of Mrs. Stone,2003,/wiki/The_Roman_Spring_of_Mrs._Stone_(2003_film)
Rome Express,1932,/wiki/Rome_Express,Sleeping Car to Trieste,1948,/wiki/Sleeping_Car_to_Trieste
The Room,2003,/wiki/The_Room,The Room Returns!,2023,/wiki/The_Room_Returns!
Ruggles of Red Gap,1935,/wiki/Ruggles_of_Red_Gap,Fancy Pants,1950,/wiki/Fancy_Pants_(film)
Run,2002,/wiki/Run_(2002_film),Run,2004,/wiki/Run_(2004_film)
Runaway Daughters,1956,/wiki/Runaway_Daughters_(1956_film),Runaway Daughters,1994,/wiki/Runaway_Daughters_(1994_film)
Sabrina,1954,/wiki/Sabrina_(1954_film),Sabrina,1995,/wiki/Sabrina_(1995_film)
Sahara,1943,/wiki/Sahara_(1943_American_film),Last of the Comanches,1953,/wiki/Last_of_the_Comanches
Sahara,1943,/wiki/Sahara_(1943_American_film),Sahara,1995,/wiki/Sahara_(1995_film)
Satan's School for Girls,1973,/wiki/Satan%27s_School_for_Girls_(1973_film),Satan's School for Girls,2000,/wiki/Satan%27s_School_for_Girls_(2000_film)
Scandal Makers,2008,/wiki/Scandal_Makers,Scandal Maker,2016,/wiki/Scandal_Maker
Scarface,1932,/wiki/Scarface_(1932_film),Scarface,1983,/wiki/Scarface_(1983_film)
School for Scoundrels,1960,/wiki/School_for_Scoundrels_(1960_film),School for Scoundrels,2006,/wiki/School_for_Scoundrels_(2006_film)
Scooby-Doo,2002,/wiki/Scooby-Doo_(film),Scoob!,2020,/wiki/Scoob!
The Secret Life of Walter Mitty,1947,/wiki/The_Secret_Life_of_Walter_Mitty_(1947_film),The Secret Life of Walter Mitty,2013,/wiki/The_Secret_Life_of_Walter_Mitty_(2013_film)
The Secret in Their Eyes (El secreto de sus ojos),2009,/wiki/The_Secret_in_Their_Eyes,Secret in Their Eyes,2015,/wiki/Secret_in_Their_Eyes
Sentimental Journey,1946,/wiki/Sentimental_Journey_(film),The Gift of Love,1958,/wiki/The_Gift_of_Love
Sentimental Journey,1946,/wiki/Sentimental_Journey_(film),Sentimental Journey,1984,
Sethu,1999,/wiki/Sethu_(film),Huchcha,2001,/wiki/Huchcha
Sethu,1999,/wiki/Sethu_(film),Seshu,2002,/wiki/Seshu
Sethu,1999,/wiki/Sethu_(film),Tere Naam,2003,/wiki/Tere_Naam
Seven Chances,1925,/wiki/Seven_Chances,The Bachelor,1999,/wiki/The_Bachelor_(1999_film)
Seven Samurai,1954,/wiki/Seven_Samurai,The Magnificent Seven,1960,/wiki/The_Magnificent_Seven
Seven Samurai,1954,/wiki/Seven_Samurai,The Magnificent Seven,2016,/wiki/The_Magnificent_Seven_(2016_film)
Shadow of a Doubt,1943,/wiki/Shadow_of_a_Doubt,Step Down to Terror,1958,/wiki/Step_Down_to_Terror
Shadow of a Doubt,1943,/wiki/Shadow_of_a_Doubt,Shadow of a Doubt,1991,/wiki/Shadow_of_a_Doubt_(1991_film)
The Shaggy Dog,1959,/wiki/The_Shaggy_Dog_(1959_film),The Shaggy Dog,1994,/wiki/The_Shaggy_Dog_(1994_film)
The Shaggy Dog,1959,/wiki/The_Shaggy_Dog_(1959_film),The Shaggy Dog,2006,/wiki/The_Shaggy_Dog_(2006_film)
Shall We Dance?,1996,/wiki/Shall_We_Dance%3F_(1996_film),Shall We Dance?,2004,/wiki/Shall_We_Dance%3F_(2004_film)
Shame,1988,/wiki/Shame_(1988_film),Shame,1992,/wiki/Shame_(1988_film)#American_remake
Shanghai Express,1932,/wiki/Shanghai_Express_(film),Night Plane from Chungking,1943,/wiki/Night_Plane_from_Chungking
Shanghai Express,1932,/wiki/Shanghai_Express_(film),Peking Express,1951,/wiki/Peking_Express_(film)
Shiva,1989,/wiki/Shiva_(1989_film),Shiva,1990,/wiki/Shiva_(1990_film)
Shiva,1989,/wiki/Shiva_(1989_film),Shiva,2006,/wiki/Shiva_(2006_film)
Sholay,1975,/wiki/Sholay,Aag,2007,/wiki/Aag_(2007_film)
The Shop Around the Corner,1940,/wiki/The_Shop_Around_the_Corner,In the Good Old Summertime,1949,/wiki/In_the_Good_Old_Summertime
Sideways,2004,/wiki/Sideways,Sideways,2009,/wiki/Sideways_(2009_film)
Sigaw,2004,/wiki/Sigaw,The Echo,2008,/wiki/The_Echo_(2008_film)
Sisters,1973,/wiki/Sisters_(1973_film),Sisters,2006,/wiki/Sisters_(2006_film)
Siworae,2000,/wiki/Il_Mare,The Lake House,2006,/wiki/The_Lake_House_(film)
South Pacific,1958,/wiki/South_Pacific_(1958_film),South Pacific,2001,/wiki/South_Pacific_(2001_film)
Splendor in the Grass,1961,/wiki/Splendor_in_the_Grass,Splendor in the Grass,1981,/wiki/Splendor_in_the_Grass_(1981_film)
Spring Parade,1934,/wiki/Spring_Parade_(1934_film),Spring Parade,1940,/wiki/Spring_Parade
Spring in a Small Town,1948,/wiki/Spring_in_a_Small_Town,Springtime in a Small Town,2002,/wiki/Springtime_in_a_Small_Town
The Squaw Man,1914,/wiki/The_Squaw_Man_(1914_film),The Squaw Man,1918,/wiki/The_Squaw_Man_(1918_film)
The Squaw Man,1914,/wiki/The_Squaw_Man_(1914_film),The Squaw Man,1931,/wiki/The_Squaw_Man_(1931_film)
Stagecoach,1939,/wiki/Stagecoach_(1939_film),Stagecoach,1966,/wiki/Stagecoach_(1966_film)
Stagecoach,1939,/wiki/Stagecoach_(1939_film),Stagecoach,1986,/wiki/Stagecoach_(1986_film)
A Star Is Born,1937,/wiki/A_Star_Is_Born_(1937_film),A Star Is Born,1954,/wiki/A_Star_Is_Born_(1954_film)
A Star Is Born,1937,/wiki/A_Star_Is_Born_(1937_film),A Star Is Born,1976,/wiki/A_Star_Is_Born_(1976_film)
A Star Is Born,1937,/wiki/A_Star_Is_Born_(1937_film),A Star Is Born,2018,/wiki/A_Star_Is_Born_(2018_film)
State Fair,1933,/wiki/State_Fair_(1933_film),State Fair,1945,/wiki/State_Fair_(1945_film)
State Fair,1933,/wiki/State_Fair_(1933_film),State Fair,1962,/wiki/State_Fair_(1962_film)
The Stepfather,1987,/wiki/The_Stepfather_(1987_film),The Stepfather,2009,/wiki/The_Stepfather_(2009_film)
Stepmom,1998,/wiki/Stepmom_(1998_film),We Are Family,2010,/wiki/We_Are_Family_(2010_film)
A Storm in Summer,1970,,A Storm in Summer,2000,/wiki/A_Storm_in_Summer
A Story of Floating Weeds,1934,/wiki/A_Story_of_Floating_Weeds,Floating Weeds,1959,/wiki/Floating_Weeds
Stalin,2006,/wiki/Stalin_(2006_film),Jai Ho,2014,
Strangers on a Train,1951,/wiki/Strangers_on_a_Train_(film),Once You Kiss a Stranger,1969,/wiki/Once_You_Kiss_a_Stranger
Strangers on a Train,1951,/wiki/Strangers_on_a_Train_(film),Once You Meet a Stranger,1996,/wiki/Once_You_Meet_a_Stranger
Straw Dogs,1971,/wiki/Straw_Dogs_(1971_film),Straw Dogs,2011,/wiki/Straw_Dogs_(2011_film)
The Sun Also Rises,1957,/wiki/The_Sun_Also_Rises_(1957_film),The Sun Also Rises,1984,/wiki/The_Sun_Also_Rises_(1984_film)
Suspect X aka Yôgisha X no kenshin,2008,/wiki/Suspect_X,Perfect Number aka Yong-eui-ja X,2012,/wiki/Perfect_Number_(film)
Suspiria,1977,/wiki/Suspiria,Suspiria,2018,/wiki/Suspiria_(2018_film)
Swamp Water,1941,/wiki/Swamp_Water,Lure of the Wilderness,1952,/wiki/Lure_of_the_Wilderness
The Swan,1925,/wiki/The_Swan_(1925_film),The Swan,1956,/wiki/The_Swan_(1956_film)
Sweet November,1968,/wiki/Sweet_November_(1968_film),Sweet November,2001,/wiki/Sweet_November_(2001_film)
Swept Away,1974,/wiki/Swept_Away_(1974_film),Swept Away,2002,/wiki/Swept_Away_(2002_film)
The Taking of Pelham One Two Three,1974,/wiki/The_Taking_of_Pelham_One_Two_Three_(1974_film),The Taking of Pelham One Two Three,1998,/wiki/The_Taking_of_Pelham_One_Two_Three_(1998_film)
The Taking of Pelham One Two Three,1974,/wiki/The_Taking_of_Pelham_One_Two_Three_(1974_film),The Taking of Pelham 123,2009,/wiki/The_Taking_of_Pelham_123_(2009_film)
The Tall Blond Man with One Black Shoe,1972,/wiki/The_Tall_Blond_Man_with_One_Black_Shoe,The Man with One Red Shoe,1985,/wiki/The_Man_with_One_Red_Shoe
Tarzan the Ape Man,1932,/wiki/Tarzan_the_Ape_Man_(1932_film),"Tarzan, the Ape Man",1959,"/wiki/Tarzan,_the_Ape_Man_(1959_film)"
Taxi,1998,/wiki/Taxi_(1998_film),Taxi,2004,/wiki/Taxi_(2004_film)
The Ten Commandments,1923,/wiki/The_Ten_Commandments_(1923_film),The Ten Commandments,1956,/wiki/The_Ten_Commandments_(1956_film)
The Texas Chain Saw Massacre,1974,/wiki/The_Texas_Chain_Saw_Massacre,The Texas Chainsaw Massacre,2003,/wiki/The_Texas_Chainsaw_Massacre_(2003_film)
That Darn Cat!,1965,/wiki/That_Darn_Cat!,That Darn Cat,1997,/wiki/That_Darn_Cat_(1997_film)
Thief of Bagdad,1924,/wiki/The_Thief_of_Bagdad_(1924_film),The Thief of Bagdad,1940,/wiki/The_Thief_of_Bagdad_(1940_film)
Thief of Bagdad,1924,/wiki/The_Thief_of_Bagdad_(1924_film),Baghdad Thirudan,1960,/wiki/Baghdad_Thirudan
Thief of Bagdad,1924,/wiki/The_Thief_of_Bagdad_(1924_film),The Thief of Baghdad,1961,/wiki/The_Thief_of_Baghdad_(1961_film)
Thief of Bagdad,1924,/wiki/The_Thief_of_Bagdad_(1924_film),The Thief of Baghdad,1978,/wiki/The_Thief_of_Baghdad_(1978_film)
The Things of Life,1970,/wiki/The_Things_of_Life,Intersection,1994,/wiki/Intersection_(1994_film)
The Thirteenth Guest,1932,/wiki/The_Thirteenth_Guest,Mystery of the 13th Guest,1943,/wiki/Mystery_of_the_13th_Guest
These Three,1936,/wiki/These_Three,The Children's Hour,1961,/wiki/The_Children%27s_Hour_(film)
Thirupaachi,2005,/wiki/Thirupaachi,Annavaram,2006,/wiki/Annavaram_(film)
This Gun for Hire,1942,/wiki/This_Gun_for_Hire,Short Cut to Hell,1957,/wiki/Short_Cut_to_Hell
This Gun for Hire,1942,/wiki/This_Gun_for_Hire,This Gun for Hire,1991,/wiki/This_Gun_for_Hire_(TV_film)
The Thomas Crown Affair,1968,/wiki/The_Thomas_Crown_Affair_(1968_film),The Thomas Crown Affair,1999,/wiki/The_Thomas_Crown_Affair_(1999_film)
These Three,1936,/wiki/These_Three,The Children's Hour,1961,/wiki/The_Children%27s_Hour_(film)
The Time Machine,1960,/wiki/The_Time_Machine_(1960_film),The Time Machine,2002,/wiki/The_Time_Machine_(2002_film)
To Be or Not to Be,1942,/wiki/To_Be_or_Not_to_Be_(1942_film),To Be or Not to Be,1983,/wiki/To_Be_or_Not_to_Be_(1983_film)
The Toolbox Murders,1978,/wiki/The_Toolbox_Murders,Toolbox Murders,2004,/wiki/Toolbox_Murders
Total Recall,1990,/wiki/Total_Recall_(1990_film),Total Recall,2012,/wiki/Total_Recall_(2012_film)
Tower of London,1939,/wiki/Tower_of_London_(1939_film),Tower of London,1962,/wiki/Tower_of_London_(1962_film)
Trader Horn,1931,/wiki/Trader_Horn_(1931_film),Trader Horn,1973,/wiki/Trader_Horn_(1973_film)
True Grit,1969,/wiki/True_Grit_(1969_film),True Grit,2010,/wiki/True_Grit_(2010_film)
La Totale!,1991,/wiki/La_Totale!,True Lies,1994,/wiki/True_Lies
Le jumeau,1984,/wiki/The_Twin_(1984_film),Two Much,1996,/wiki/Two_Much
Twenty Million Sweethearts,1934,/wiki/Twenty_Million_Sweethearts,My Dream Is Yours,1949,/wiki/My_Dream_Is_Yours
Two Thousand Maniacs!,1964,/wiki/Two_Thousand_Maniacs!,2001 Maniacs,2005,/wiki/2001_Maniacs
Unfaithful,2002,/wiki/Unfaithful_(2002_film),Hawas,2004,/wiki/Hawas_(2004_film)
Unfaithful,2002,/wiki/Unfaithful_(2002_film),Murder,2004,/wiki/Murder_(2004_film)
The Unfaithful Wife,1969,/wiki/The_Unfaithful_Wife,Unfaithful,2002,/wiki/Unfaithful_(2002_film)
Unfaithfully Yours,1948,/wiki/Unfaithfully_Yours_(1948_film),Unfaithfully Yours,1984,/wiki/Unfaithfully_Yours_(1984_film)
The Unholy Three,1925,/wiki/The_Unholy_Three_(1925_film),The Unholy Three,1930,/wiki/The_Unholy_Three_(1930_film)
Up in Mabel's Room,1926,/wiki/Up_in_Mabel%27s_Room_(1926_film),Up in Mabel's Room,1944,/wiki/Up_in_Mabel%27s_Room_(1944_film)
Up the River,1930,/wiki/Up_the_River,Up the River,1938,/wiki/Up_the_River_(1938_film)
Valley Girl,1983,/wiki/Valley_Girl_(1983_film),Valley Girl,2020,/wiki/Valley_Girl_(2020_film)
The Vanishing,1988,/wiki/The_Vanishing_(1988_film),The Vanishing,1993,/wiki/The_Vanishing_(1993_film)
Vanishing Point,1971,/wiki/Vanishing_Point_(1971_film),Vanishing Point,1997,/wiki/Vanishing_Point_(1997_film)
Vash,2023,/wiki/Vash_(film),Shaitaan,2024,
Veeram,2014,/wiki/Veeram_(2014_film),Kisi Ka Bhai Kisi Ki Jaan,2023,/wiki/Kisi_Ka_Bhai_Kisi_Ki_Jaan
Victor and Victoria,1933,/wiki/Victor_and_Victoria,First a Girl,1935,/wiki/First_a_Girl
Victor and Victoria,1933,/wiki/Victor_and_Victoria,Victor and Victoria,1957,/wiki/Victor_and_Victoria_(1957_film)
Victor and Victoria,1933,/wiki/Victor_and_Victoria,Victor/Victoria,1982,/wiki/Victor/Victoria
Village of the Damned,1960,/wiki/Village_of_the_Damned_(1960_film),Village of the Damned,1995,/wiki/Village_of_the_Damned_(1995_film)
Vikramarkudu,2006,/wiki/Vikramarkudu,Ulta Palta 69,2007,/wiki/Ulta_Palta_69
Vikramarkudu,2006,/wiki/Vikramarkudu,Veera Madakari,2009,/wiki/Veera_Madakari
Vikramarkudu,2006,/wiki/Vikramarkudu,Siruthai,2011,/wiki/Siruthai
Vikramarkudu,2006,/wiki/Vikramarkudu,Bikram Singha,2012,/wiki/Bikram_Singha:_The_Lion_Is_Back
Vikramarkudu,2006,/wiki/Vikramarkudu,Rowdy Rathore,2012,/wiki/Rowdy_Rathore
The Virginian,1929,/wiki/The_Virginian_(1929_film),The Virginian,1946,/wiki/The_Virginian_(1946_film)
Les Visiteurs,1993,/wiki/Les_Visiteurs,Just Visiting,2001,/wiki/Just_Visiting_(film)
The Wages of Fear,1953,/wiki/The_Wages_of_Fear,Sorcerer,1977,/wiki/Sorcerer_(film)
Walking Tall,1973,/wiki/Walking_Tall_(1973_film),Walking Tall,2004,/wiki/Walking_Tall_(2004_film)
The Wasp Woman,1959,/wiki/The_Wasp_Woman,The Wasp Woman,1995,/wiki/The_Wasp_Woman_(1995_film)
Waterloo Bridge,1931,/wiki/Waterloo_Bridge_(1931_film),Waterloo Bridge,1940,/wiki/Waterloo_Bridge_(1940_film)
The Way of All Flesh,1927,/wiki/The_Way_of_All_Flesh_(1927_film),The Way of All Flesh,1940,/wiki/The_Way_of_All_Flesh_(1940_film)
West Side Story,1961,/wiki/West_Side_Story_(1961_film),West Side Story,2021,/wiki/West_Side_Story_(2021_film)
We're No Angels,1955,/wiki/We%27re_No_Angels_(1955_film),We're No Angels,1989,/wiki/We%27re_No_Angels_(1989_film)
When a Stranger Calls,1979,/wiki/When_a_Stranger_Calls_(1979_film),When a Stranger Calls,2006,/wiki/When_a_Stranger_Calls_(2006_film)
What Women Want,2000,/wiki/What_Women_Want,What Women Want,2011,/wiki/What_Women_Want_(2011_film)
What Women Want,2000,/wiki/What_Women_Want,What Men Want,2019,/wiki/What_Men_Want_(2019_film)
What Ever Happened to Baby Jane?,1962,/wiki/What_Ever_Happened_to_Baby_Jane%3F_(film),What Ever Happened to...,1991,/wiki/What_Ever_Happened_to...
Where the Boys Are,1960,/wiki/Where_the_Boys_Are,Where the Boys Are '84,1984,/wiki/Where_the_Boys_Are_%2784
White Men Can't Jump,1992,/wiki/White_Men_Can%27t_Jump,White Men Can't Jump,2023,/wiki/White_Men_Can%27t_Jump_(2023_film)
The White Outlaw,1929,/wiki/The_White_Outlaw_(1929_film),The Apache Kid's Escape,1930,/wiki/The_Apache_Kid%27s_Escape
The Wicked Lady,1945,/wiki/The_Wicked_Lady,The Wicked Lady,1983,/wiki/The_Wicked_Lady_(1983_film)
The Wicker Man,1973,/wiki/The_Wicker_Man,The Wicker Man,2006,/wiki/The_Wicker_Man_(2006_film)
"Wife, Husband and Friend",1939,"/wiki/Wife,_Husband_and_Friend",Everybody Does It,1949,/wiki/Everybody_Does_It
Winchester '73,1950,/wiki/Winchester_%2773,Winchester '73,1967,/wiki/Winchester_%2773#Remake
The Window,1949,/wiki/The_Window_(1949_film),The Boy Cried Murder,1966,/wiki/The_Boy_Cried_Murder
Wings of Desire,1987,/wiki/Wings_of_Desire,City of Angels,1998,/wiki/City_of_Angels_(film)
Witchboard,1986,/wiki/Witchboard,Witchboard,2024,/wiki/Witchboard_(2024_film)
Witness for the Prosecution,1957,/wiki/Witness_for_the_Prosecution_(1957_film),Witness for the Prosecution,1982,/wiki/Witness_for_the_Prosecution_(1982_film)
The Wizard of Gore,1970,/wiki/The_Wizard_of_Gore,The Wizard of Gore,2007,/wiki/The_Wizard_of_Gore_(2007_film)
The Wizard of Oz,1939,/wiki/The_Wizard_of_Oz_(1939_film),Tom and Jerry and the Wizard of Oz,2011,/wiki/Tom_and_Jerry_and_the_Wizard_of_Oz
The Wolf Man,1941,/wiki/The_Wolf_Man_(1941_film),The Wolfman,2010,/wiki/The_Wolfman_(2010_film)
The Women,1939,/wiki/The_Women_(1939_film),The Opposite Sex,1956,/wiki/The_Opposite_Sex
The Women,1939,/wiki/The_Women_(1939_film),The Women,2008,/wiki/The_Women_(2008_film)
Wonderful Nightmare aka Misseu waipeu,2015,/wiki/Wonderful_Nightmare,Beautiful Accident aka Mei hao de yi wai,2017,/wiki/Beautiful_Accident
World on a Wire,1973,/wiki/World_on_a_Wire,The Thirteenth Floor,1999,/wiki/The_Thirteenth_Floor
X Marks the Spot,1931,/wiki/X_Marks_the_Spot_(1931_film),X Marks the Spot,1942,/wiki/X_Marks_the_Spot_(1942_film)
A Yank at Oxford,1938,/wiki/A_Yank_at_Oxford,Oxford Blues,1984,/wiki/Oxford_Blues
The Yellow Handkerchief,1977,/wiki/The_Yellow_Handkerchief_(1977_film),The Yellow Handkerchief,2008,/wiki/The_Yellow_Handkerchief_(2008_film)
Yellow Sky,1948,/wiki/Yellow_Sky,The Jackals,1967,/wiki/The_Jackals
Yojimbo,1961,/wiki/Yojimbo_(film),A Fistful of Dollars,1964,/wiki/A_Fistful_of_Dollars
Yojimbo,1961,/wiki/Yojimbo_(film),Last Man Standing,1996,/wiki/Last_Man_Standing_(1996_film)
"Yours, Mine and Ours",1968,"/wiki/Yours,_Mine_and_Ours_(1968_film)","Yours, Mine & Ours",2005,"/wiki/Yours,_Mine_%26_Ours_(2005_film)"
Zero Hour!,1957,/wiki/Zero_Hour!,Terror in the Sky,1971,/wiki/Terror_in_the_Sky
